,images/img1.jpg,11.722862,crowd,crowd
,images/img21.jpg,9.930099,closeup,closeup
,images/img41.jpg,11.276042,crowd,crowd
,images/img61.jpg,10.786732,crowd,crowd
,images/img81.jpg,10.419408,crowd,crowd
,images/img101.jpg,11.392544,crowd,crowd
,images/img121.jpg,11.023849,crowd,crowd
,images/img141.jpg,11.014254,crowd,crowd
,images/img161.jpg,8.717105,closeup,closeup
,images/img181.jpg,8.415570,closeup,closeup
,images/img201.jpg,8.421053,closeup,closeup
,images/img221.jpg,7.754934,closeup,closeup
,images/img241.jpg,8.766447,closeup,closeup
,images/img261.jpg,10.826480,crowd,crowd
,images/img281.jpg,10.461897,crowd,crowd
,images/img301.jpg,10.387884,crowd,crowd
,images/img321.jpg,10.450932,crowd,crowd
,images/img341.jpg,10.889529,crowd,crowd
,images/img361.jpg,11.377467,crowd,crowd
,images/img381.jpg,11.437774,crowd,crowd
,images/img401.jpg,10.237116,crowd,crowd
,images/img421.jpg,9.181743,closeup,closeup
,images/img441.jpg,8.754112,closeup,closeup
,images/img461.jpg,8.993969,closeup,closeup
,images/img481.jpg,9.066612,closeup,closeup
,images/img501.jpg,9.329770,closeup,closeup
,images/img521.jpg,9.225603,closeup,closeup
,images/img541.jpg,7.944079,closeup,closeup
,images/img561.jpg,6.931195,closeup,closeup
,images/img581.jpg,5.642818,closeup,closeup
,images/img601.jpg,6.318531,closeup,closeup
,images/img621.jpg,7.065515,closeup,closeup
,images/img641.jpg,8.072917,closeup,closeup
,images/img661.jpg,8.384046,closeup,closeup
,images/img681.jpg,8.118147,closeup,closeup
,images/img701.jpg,8.780154,closeup,closeup
,images/img721.jpg,8.190789,closeup,closeup
,images/img741.jpg,8.538925,closeup,closeup
,images/img761.jpg,9.348958,closeup,closeup
,images/img781.jpg,8.223684,closeup,closeup
,images/img801.jpg,8.998081,closeup,closeup
,images/img821.jpg,8.717105,closeup,closeup
,images/img841.jpg,7.641173,closeup,closeup
,images/img861.jpg,7.166941,closeup,closeup
,images/img881.jpg,8.085252,closeup,closeup
,images/img901.jpg,8.604715,closeup,closeup
,images/img921.jpg,8.286732,closeup,closeup
,images/img941.jpg,9.329770,closeup,closeup
,images/img961.jpg,9.665570,closeup,closeup
,images/img981.jpg,9.853344,closeup,closeup
,images/img1001.jpg,10.542763,crowd,crowd
,images/img1021.jpg,8.188048,closeup,closeup
,images/img1041.jpg,8.632127,closeup,closeup
,images/img1061.jpg,8.395011,closeup,closeup
,images/img1081.jpg,9.636787,closeup,closeup
,images/img1101.jpg,10.183662,crowd,crowd
,images/img1121.jpg,10.626371,crowd,crowd
,images/img1141.jpg,7.779605,closeup,closeup
,images/img1161.jpg,7.035362,closeup,closeup
,images/img1181.jpg,6.022478,closeup,closeup
,images/img1201.jpg,8.530702,closeup,closeup
,images/img1221.jpg,8.935033,closeup,closeup
,images/img1241.jpg,6.122533,closeup,closeup
,images/img1261.jpg,5.716831,closeup,closeup
,images/img1281.jpg,5.467379,closeup,closeup
,images/img1301.jpg,8.300439,closeup,closeup
,images/img1321.jpg,8.401864,closeup,closeup
,images/img1341.jpg,8.660910,closeup,closeup
,images/img1361.jpg,8.659539,closeup,closeup
,images/img1381.jpg,8.702029,closeup,closeup
,images/img1401.jpg,9.539474,closeup,closeup
,images/img1421.jpg,8.967928,closeup,closeup
,images/img1441.jpg,10.901864,crowd,crowd
,images/img1461.jpg,13.515625,crowd,crowd
,images/img1481.jpg,14.306469,crowd,crowd
,images/img1501.jpg,4.162555,closeup,closeup
,images/img1521.jpg,6.328125,closeup,closeup
,images/img1541.jpg,7.537007,closeup,closeup
,images/img1561.jpg,3.998081,closeup,closeup
,images/img1581.jpg,4.717654,closeup,closeup
,images/img1601.jpg,4.262610,closeup,closeup
,images/img1621.jpg,5.838816,closeup,closeup
,images/img1641.jpg,5.342654,closeup,closeup
,images/img1661.jpg,9.129660,closeup,closeup
,images/img1681.jpg,9.399671,closeup,closeup
,images/img1701.jpg,10.471491,crowd,crowd
,images/img1721.jpg,11.126645,crowd,crowd
,images/img1741.jpg,11.495340,crowd,crowd
,images/img1761.jpg,11.805099,crowd,crowd
,images/img1781.jpg,9.566886,closeup,closeup
,images/img1801.jpg,6.465186,closeup,closeup
,images/img1821.jpg,8.692434,closeup,closeup
,images/img1841.jpg,8.556743,closeup,closeup
,images/img1861.jpg,9.222862,closeup,closeup
,images/img1881.jpg,9.765625,closeup,closeup
,images/img1901.jpg,8.408717,closeup,closeup
,images/img1921.jpg,12.909814,crowd,crowd
,images/img1941.jpg,13.340186,crowd,crowd
,images/img1961.jpg,12.975603,crowd,crowd
,images/img1981.jpg,11.879112,crowd,crowd
,images/img2001.jpg,12.754934,crowd,crowd
,images/img2021.jpg,12.029879,crowd,crowd
,images/img2041.jpg,10.334430,crowd,crowd
,images/img2061.jpg,13.263432,crowd,crowd
,images/img2081.jpg,13.294956,crowd,crowd
,images/img2101.jpg,13.810307,crowd,crowd
,images/img2121.jpg,7.912555,closeup,closeup
,images/img2141.jpg,6.643366,closeup,closeup
,images/img2161.jpg,8.259320,closeup,closeup
,images/img2181.jpg,8.120888,closeup,closeup
,images/img2201.jpg,7.839912,closeup,closeup
,images/img2221.jpg,7.589090,closeup,closeup
,images/img2241.jpg,8.914474,closeup,closeup
,images/img2261.jpg,7.097039,closeup,closeup
,images/img2281.jpg,8.754112,closeup,closeup
,images/img2301.jpg,9.324287,closeup,closeup
,images/img2321.jpg,10.128838,crowd,crowd
,images/img2341.jpg,9.662829,closeup,closeup
,images/img2361.jpg,20.172697,crowd,crowd
,images/img2381.jpg,20.367325,crowd,crowd
,images/img2401.jpg,20.320724,crowd,crowd
,images/img2421.jpg,20.320724,crowd,crowd
,images/img2441.jpg,20.072643,crowd,crowd
,images/img2461.jpg,19.947917,crowd,crowd
,images/img2481.jpg,19.431195,crowd,crowd
,images/img2501.jpg,20.167215,crowd,crowd
,images/img2521.jpg,13.652686,crowd,crowd
,images/img2541.jpg,13.692434,crowd,crowd
,images/img2561.jpg,13.349781,crowd,crowd
,images/img2581.jpg,14.195450,crowd,crowd
,images/img2601.jpg,13.533443,crowd,crowd
,images/img2621.jpg,13.697917,crowd,crowd
,images/img2641.jpg,11.489857,crowd,crowd
,images/img2661.jpg,8.675987,closeup,closeup
,images/img2681.jpg,8.597862,closeup,closeup
,images/img2701.jpg,8.700658,closeup,closeup
,images/img2721.jpg,8.704770,closeup,closeup
,images/img2741.jpg,7.848136,closeup,closeup
,images/img2761.jpg,7.003838,closeup,closeup
,images/img2781.jpg,8.162007,closeup,closeup
,images/img2801.jpg,7.935855,closeup,closeup
,images/img2821.jpg,8.789748,closeup,closeup
,images/img2841.jpg,9.986294,closeup,closeup
,images/img2861.jpg,9.782072,closeup,closeup
,images/img2881.jpg,8.538925,closeup,closeup
,images/img2901.jpg,9.220121,closeup,closeup
,images/img2921.jpg,9.220121,closeup,closeup
,images/img2941.jpg,9.945175,closeup,closeup
,images/img2961.jpg,10.324836,crowd,crowd
,images/img2981.jpg,8.359375,closeup,closeup
,images/img3001.jpg,8.703399,closeup,closeup
,images/img3021.jpg,8.958333,closeup,closeup
,images/img3041.jpg,8.884320,closeup,closeup
,images/img3061.jpg,7.146382,closeup,closeup
,images/img3081.jpg,7.885143,closeup,closeup
,images/img3101.jpg,9.002193,closeup,closeup
,images/img3121.jpg,10.224781,crowd,crowd
,images/img3141.jpg,10.764803,crowd,crowd
,images/img3161.jpg,10.083607,crowd,crowd
,images/img3181.jpg,10.111020,crowd,crowd
,images/img3201.jpg,9.987664,closeup,closeup
,images/img3221.jpg,8.930921,closeup,closeup
,images/img3241.jpg,8.725329,closeup,closeup
,images/img3261.jpg,16.374726,crowd,crowd
,images/img3281.jpg,15.981360,crowd,crowd
,images/img3301.jpg,13.151042,crowd,crowd
,images/img3321.jpg,7.072368,closeup,closeup
,images/img3341.jpg,7.719298,closeup,closeup
,images/img3361.jpg,7.449287,closeup,closeup
,images/img3381.jpg,10.094572,crowd,crowd
,images/img3401.jpg,12.264254,crowd,crowd
,images/img3421.jpg,8.980263,closeup,closeup
,images/img3441.jpg,9.573739,closeup,closeup
,images/img3461.jpg,7.967379,closeup,closeup
,images/img3481.jpg,7.299890,closeup,closeup
,images/img3501.jpg,8.200384,closeup,closeup
,images/img3521.jpg,7.595943,closeup,closeup
,images/img3541.jpg,7.850877,closeup,closeup
,images/img3561.jpg,8.029057,closeup,closeup
,images/img3581.jpg,9.070724,closeup,closeup
,images/img3601.jpg,9.553180,closeup,closeup
,images/img3621.jpg,11.256853,crowd,crowd
,images/img3641.jpg,13.053728,crowd,crowd
,images/img3661.jpg,14.024123,crowd,crowd
,images/img3681.jpg,14.989035,crowd,crowd
,images/img3701.jpg,15.208333,crowd,crowd
,images/img3721.jpg,10.322094,crowd,crowd
,images/img3741.jpg,10.509868,crowd,crowd
,images/img3761.jpg,9.653235,closeup,closeup
,images/img3781.jpg,10.194627,crowd,crowd
,images/img3801.jpg,9.143366,closeup,closeup
,images/img3821.jpg,9.555921,closeup,closeup
,images/img3841.jpg,9.346217,closeup,closeup
,images/img3861.jpg,9.435307,closeup,closeup
,images/img3881.jpg,9.525768,closeup,closeup
,images/img3901.jpg,9.553180,closeup,closeup
,images/img3921.jpg,8.888432,closeup,closeup
,images/img3941.jpg,9.388706,closeup,closeup
,images/img3961.jpg,10.334430,crowd,crowd
,images/img3981.jpg,10.731908,crowd,crowd
,images/img4001.jpg,10.559211,crowd,crowd
,images/img4021.jpg,9.806743,closeup,closeup
,images/img4041.jpg,10.960800,crowd,crowd
,images/img4061.jpg,10.944353,crowd,crowd
,images/img4081.jpg,11.685855,crowd,crowd
,images/img4101.jpg,7.919408,closeup,closeup
,images/img4121.jpg,7.142270,closeup,closeup
,images/img4141.jpg,7.720669,closeup,closeup
,images/img4161.jpg,10.479715,crowd,crowd
,images/img4181.jpg,11.147204,crowd,crowd
,images/img4201.jpg,13.007127,crowd,crowd
,images/img4221.jpg,12.535636,crowd,crowd
,images/img4241.jpg,12.283443,crowd,crowd
,images/img4261.jpg,12.802906,crowd,crowd
,images/img4281.jpg,12.528783,crowd,crowd
,images/img4301.jpg,12.282072,crowd,crowd
,images/img4321.jpg,10.408443,crowd,crowd
,images/img4341.jpg,7.876919,closeup,closeup
,images/img4361.jpg,7.823465,closeup,closeup
,images/img4381.jpg,7.221765,closeup,closeup
,images/img4401.jpg,7.002467,closeup,closeup
,images/img4421.jpg,7.228618,closeup,closeup
,images/img4441.jpg,7.654879,closeup,closeup
,images/img4461.jpg,9.228344,closeup,closeup
,images/img4481.jpg,9.050164,closeup,closeup
,images/img4501.jpg,8.841831,closeup,closeup
,images/img4521.jpg,9.327029,closeup,closeup
,images/img4541.jpg,9.506579,closeup,closeup
,images/img4561.jpg,9.417489,closeup,closeup
,images/img4581.jpg,9.285910,closeup,closeup
,images/img4601.jpg,9.655976,closeup,closeup
,images/img4621.jpg,8.755482,closeup,closeup
,images/img4641.jpg,7.134046,closeup,closeup
,images/img4661.jpg,8.234649,closeup,closeup
,images/img4681.jpg,8.575932,closeup,closeup
,images/img4701.jpg,7.550713,closeup,closeup
,images/img4721.jpg,8.024945,closeup,closeup
,images/img4741.jpg,8.348410,closeup,closeup
,images/img4761.jpg,8.297697,closeup,closeup
,images/img4781.jpg,8.892544,closeup,closeup
,images/img4801.jpg,8.770559,closeup,closeup
,images/img4821.jpg,8.452577,closeup,closeup
,images/img4841.jpg,8.723958,closeup,closeup
,images/img4861.jpg,10.701754,crowd,crowd
,images/img4881.jpg,13.374452,crowd,crowd
,images/img4901.jpg,13.281250,crowd,crowd
,images/img4921.jpg,12.711075,crowd,crowd
,images/img4941.jpg,12.793311,crowd,crowd
,images/img4961.jpg,12.606908,crowd,crowd
,images/img4981.jpg,13.018092,crowd,crowd
,images/img5001.jpg,12.369792,crowd,crowd
,images/img5021.jpg,12.808388,crowd,crowd
,images/img5041.jpg,12.521930,crowd,crowd
,images/img5061.jpg,12.645285,crowd,crowd
,images/img5081.jpg,12.989309,crowd,crowd
,images/img5101.jpg,13.538925,crowd,crowd
,images/img5121.jpg,13.403235,crowd,crowd
,images/img5141.jpg,14.117325,crowd,crowd
,images/img5161.jpg,13.718476,crowd,crowd
,images/img5181.jpg,13.822643,crowd,crowd
,images/img5201.jpg,14.033717,crowd,crowd
,images/img5221.jpg,13.673246,crowd,crowd
,images/img5241.jpg,11.424068,crowd,crowd
,images/img5261.jpg,8.330592,closeup,closeup
,images/img5281.jpg,7.927632,closeup,closeup
,images/img5301.jpg,6.966831,closeup,closeup
,images/img5321.jpg,6.772204,closeup,closeup
,images/img5341.jpg,8.699287,closeup,closeup
,images/img5361.jpg,9.501096,closeup,closeup
,images/img5381.jpg,9.347588,closeup,closeup
,images/img5401.jpg,9.159814,closeup,closeup
,images/img5421.jpg,9.396930,closeup,closeup
,images/img5441.jpg,8.689693,closeup,closeup
,images/img5461.jpg,10.788103,crowd,crowd
,images/img5481.jpg,11.958607,crowd,crowd
,images/img5501.jpg,11.488487,crowd,crowd
,images/img5521.jpg,11.947643,crowd,crowd
,images/img5541.jpg,12.365680,crowd,crowd
,images/img5561.jpg,11.769463,crowd,crowd
,images/img5581.jpg,11.996985,crowd,crowd
,images/img5601.jpg,11.232182,crowd,crowd
,images/img5621.jpg,10.718202,crowd,crowd
,images/img5641.jpg,10.109649,crowd,crowd
,images/img5661.jpg,15.485197,crowd,crowd
,images/img5681.jpg,13.915844,crowd,crowd
,images/img5701.jpg,15.146656,crowd,crowd
,images/img5721.jpg,15.143914,crowd,crowd
,images/img5741.jpg,15.160362,crowd,crowd
,images/img5761.jpg,10.786732,crowd,crowd
,images/img5781.jpg,10.017818,crowd,crowd
,images/img5801.jpg,10.545504,crowd,crowd
,images/img5821.jpg,10.688048,crowd,crowd
,images/img5841.jpg,10.792215,crowd,crowd
,images/img5861.jpg,10.105537,crowd,crowd
,images/img5881.jpg,10.327577,crowd,crowd
,images/img5901.jpg,10.416667,crowd,crowd
,images/img5921.jpg,10.856634,crowd,crowd
,images/img5941.jpg,8.603344,closeup,closeup
,images/img5961.jpg,8.125000,closeup,closeup
,images/img5981.jpg,8.370340,closeup,closeup
,images/img6001.jpg,8.638980,closeup,closeup
,images/img6021.jpg,8.819901,closeup,closeup
,images/img6041.jpg,8.819901,closeup,closeup
,images/img6061.jpg,9.047423,closeup,closeup
,images/img6081.jpg,8.922697,closeup,closeup
,images/img6101.jpg,8.286732,closeup,closeup
,images/img6121.jpg,8.516996,closeup,closeup
,images/img6141.jpg,9.117325,closeup,closeup
,images/img6161.jpg,8.534814,closeup,closeup
,images/img6181.jpg,7.870066,closeup,closeup
,images/img6201.jpg,7.199836,closeup,closeup
,images/img6221.jpg,7.749452,closeup,closeup
,images/img6241.jpg,7.035362,closeup,closeup
,images/img6261.jpg,9.316064,closeup,closeup
,images/img6281.jpg,8.663651,closeup,closeup
,images/img6301.jpg,8.141447,closeup,closeup
,images/img6321.jpg,8.422423,closeup,closeup
,images/img6341.jpg,8.692434,closeup,closeup
,images/img6361.jpg,11.119792,crowd,crowd
,images/img6381.jpg,11.193805,crowd,crowd
,images/img6401.jpg,11.100603,crowd,crowd
,images/img6421.jpg,11.473410,crowd,crowd
,images/img6441.jpg,9.414748,closeup,closeup
,images/img6461.jpg,12.232730,crowd,crowd
,images/img6481.jpg,12.535636,crowd,crowd
,images/img6501.jpg,12.335526,crowd,crowd
,images/img6521.jpg,12.384868,crowd,crowd
,images/img6541.jpg,12.498629,crowd,crowd
,images/img6561.jpg,12.875548,crowd,crowd
,images/img6581.jpg,12.417763,crowd,crowd
,images/img6601.jpg,12.153235,crowd,crowd
,images/img6621.jpg,12.501371,crowd,crowd
,images/img6641.jpg,12.660362,crowd,crowd
,images/img6661.jpg,12.487664,crowd,crowd
,images/img6681.jpg,12.442434,crowd,crowd
,images/img6701.jpg,12.312226,crowd,crowd
,images/img6721.jpg,12.486294,crowd,crowd
,images/img6741.jpg,12.362939,crowd,crowd
,images/img6761.jpg,10.230263,crowd,crowd
,images/img6781.jpg,10.390625,crowd,crowd
,images/img6801.jpg,7.617873,closeup,closeup
,images/img6821.jpg,7.450658,closeup,closeup
,images/img6841.jpg,7.323191,closeup,closeup
,images/img6861.jpg,8.216831,closeup,closeup
,images/img6881.jpg,7.918037,closeup,closeup
,images/img6901.jpg,8.464912,closeup,closeup
,images/img6921.jpg,8.188048,closeup,closeup
,images/img6941.jpg,9.055647,closeup,closeup
,images/img6961.jpg,8.638980,closeup,closeup
,images/img6981.jpg,9.177632,closeup,closeup
,images/img7001.jpg,9.440789,closeup,closeup
,images/img7021.jpg,9.041941,closeup,closeup
,images/img7041.jpg,10.614035,crowd,crowd
,images/img7061.jpg,9.469572,closeup,closeup
,images/img7081.jpg,9.801261,closeup,closeup
,images/img7101.jpg,9.310581,closeup,closeup
,images/img7121.jpg,9.510691,closeup,closeup
,images/img7141.jpg,9.682018,closeup,closeup
,images/img7161.jpg,9.886239,closeup,closeup
,images/img7181.jpg,10.187774,crowd,crowd
,images/img7201.jpg,9.883498,closeup,closeup
,images/img7221.jpg,9.920504,closeup,closeup
,images/img7241.jpg,10.531798,crowd,crowd
,images/img7261.jpg,9.743695,closeup,closeup
,images/img7281.jpg,9.528509,closeup,closeup
,images/img7301.jpg,9.392818,closeup,closeup
,images/img7321.jpg,9.402412,closeup,closeup
,images/img7341.jpg,7.587719,closeup,closeup
,images/img7361.jpg,8.567708,closeup,closeup
,images/img7381.jpg,7.805647,closeup,closeup
,images/img7401.jpg,7.854989,closeup,closeup
,images/img7421.jpg,8.741776,closeup,closeup
,images/img7441.jpg,9.313322,closeup,closeup
,images/img7461.jpg,9.380482,closeup,closeup
,images/img7481.jpg,8.983004,closeup,closeup
,images/img7501.jpg,7.916667,closeup,closeup
,images/img7521.jpg,5.731908,closeup,closeup
,images/img7541.jpg,6.284265,closeup,closeup
,images/img7561.jpg,8.771930,closeup,closeup
,images/img7581.jpg,8.599232,closeup,closeup
,images/img7601.jpg,9.018640,closeup,closeup
,images/img7621.jpg,7.658991,closeup,closeup
,images/img7641.jpg,7.572643,closeup,closeup
,images/img7661.jpg,10.030154,crowd,crowd
,images/img7681.jpg,9.568257,closeup,closeup
,images/img7701.jpg,9.055647,closeup,closeup
,images/img7721.jpg,10.061678,crowd,crowd
,images/img7741.jpg,8.887061,closeup,closeup
,images/img7761.jpg,9.776590,closeup,closeup
,images/img7781.jpg,8.958333,closeup,closeup
,images/img7801.jpg,9.368147,closeup,closeup
,images/img7821.jpg,8.915844,closeup,closeup
,images/img7841.jpg,9.320175,closeup,closeup
,images/img7861.jpg,9.557292,closeup,closeup
,images/img7881.jpg,9.814967,closeup,closeup
,images/img7901.jpg,9.439419,closeup,closeup
,images/img7921.jpg,8.283991,closeup,closeup
,images/img7941.jpg,9.207785,closeup,closeup
,images/img7961.jpg,9.416118,closeup,closeup
,images/img7981.jpg,9.000822,closeup,closeup
,images/img8001.jpg,8.726700,closeup,closeup
,images/img8021.jpg,9.114583,closeup,closeup
,images/img8041.jpg,9.483279,closeup,closeup
,images/img8061.jpg,9.154331,closeup,closeup
,images/img8081.jpg,7.738487,closeup,closeup
,images/img8101.jpg,7.881031,closeup,closeup
,images/img8121.jpg,7.257401,closeup,closeup
,images/img8141.jpg,8.342928,closeup,closeup
,images/img8161.jpg,13.481360,crowd,crowd
,images/img8181.jpg,13.582785,crowd,crowd
,images/img8201.jpg,13.610197,crowd,crowd
,images/img8221.jpg,13.793860,crowd,crowd
,images/img8241.jpg,13.963816,crowd,crowd
,images/img8261.jpg,13.438871,crowd,crowd
,images/img8281.jpg,13.351151,crowd,crowd
,images/img8301.jpg,13.584156,crowd,crowd
,images/img8321.jpg,9.265351,closeup,closeup
,images/img8341.jpg,7.807018,closeup,closeup
,images/img8361.jpg,6.995614,closeup,closeup
,images/img8381.jpg,6.577577,closeup,closeup
,images/img8401.jpg,7.538377,closeup,closeup
,images/img8421.jpg,9.265351,closeup,closeup
,images/img8441.jpg,8.097588,closeup,closeup
,images/img8461.jpg,9.353070,closeup,closeup
,images/img8481.jpg,9.498355,closeup,closeup
,images/img8501.jpg,9.620340,closeup,closeup
,images/img8521.jpg,9.919134,closeup,closeup
,images/img8541.jpg,10.479715,crowd,crowd
,images/img8561.jpg,10.013706,crowd,crowd
,images/img8581.jpg,9.805373,closeup,closeup
,images/img8601.jpg,10.102796,crowd,crowd
,images/img8621.jpg,11.003289,crowd,crowd
,images/img8641.jpg,11.352796,crowd,crowd
,images/img8661.jpg,10.052083,crowd,crowd
,images/img8681.jpg,9.771107,closeup,closeup
,images/img8701.jpg,9.849232,closeup,closeup
,images/img8721.jpg,9.901316,closeup,closeup
,images/img8741.jpg,9.943805,closeup,closeup
,images/img8761.jpg,9.539474,closeup,closeup
,images/img8781.jpg,9.401042,closeup,closeup
,images/img8801.jpg,10.317982,crowd,crowd
,images/img8821.jpg,10.285088,crowd,crowd
,images/img8841.jpg,10.076754,crowd,crowd
,images/img8861.jpg,8.408717,closeup,closeup
,images/img8881.jpg,8.623904,closeup,closeup
,images/img8901.jpg,8.540296,closeup,closeup
,images/img8921.jpg,8.098958,closeup,closeup
,images/img8941.jpg,7.865954,closeup,closeup
,images/img8961.jpg,10.405702,crowd,crowd
,images/img8981.jpg,12.247807,crowd,crowd
,images/img9001.jpg,15.054825,crowd,crowd
,images/img9021.jpg,12.996162,crowd,crowd
,images/img9041.jpg,6.230811,closeup,closeup
,images/img9061.jpg,6.943531,closeup,closeup
,images/img9081.jpg,13.878838,crowd,crowd
,images/img9101.jpg,11.097862,crowd,crowd
,images/img9121.jpg,8.919956,closeup,closeup
,images/img9141.jpg,9.133772,closeup,closeup
,images/img9161.jpg,8.544408,closeup,closeup
,images/img9181.jpg,10.298794,crowd,crowd
,images/img9201.jpg,8.708882,closeup,closeup
,images/img9221.jpg,8.777412,closeup,closeup
,images/img9241.jpg,4.928728,closeup,closeup
,images/img9261.jpg,7.552083,closeup,closeup
,images/img9281.jpg,8.681469,closeup,closeup
,images/img9301.jpg,11.548794,crowd,crowd
,images/img9321.jpg,11.036184,crowd,crowd
,images/img9341.jpg,14.735471,crowd,crowd
,images/img9361.jpg,8.958333,closeup,closeup
,images/img9381.jpg,11.524123,crowd,crowd
,images/img9401.jpg,15.625000,crowd,crowd
,images/img9421.jpg,8.448465,closeup,closeup
,images/img9441.jpg,9.327029,closeup,closeup
,images/img9461.jpg,13.726700,crowd,crowd
,images/img9481.jpg,13.427906,crowd,crowd
,images/img9501.jpg,14.727248,crowd,crowd
,images/img9521.jpg,14.429825,crowd,crowd
,images/img9541.jpg,13.644463,crowd,crowd
,images/img9561.jpg,10.095943,crowd,crowd
,images/img9581.jpg,11.718750,crowd,crowd
,images/img9601.jpg,10.126096,crowd,crowd
,images/img9621.jpg,9.650493,closeup,closeup
,images/img9641.jpg,9.825932,closeup,closeup
,images/img9661.jpg,12.346491,crowd,crowd
,images/img9681.jpg,11.167763,crowd,crowd
,images/img9701.jpg,8.425164,closeup,closeup
,images/img9721.jpg,14.453125,crowd,crowd
,images/img9741.jpg,13.359375,crowd,crowd
,images/img9761.jpg,12.742599,crowd,crowd
,images/img9781.jpg,10.675713,crowd,crowd
,images/img9801.jpg,10.322094,crowd,crowd
,images/img9821.jpg,9.636787,closeup,closeup
,images/img9841.jpg,8.906250,closeup,closeup
,images/img9861.jpg,9.203673,closeup,closeup
,images/img9881.jpg,7.102522,closeup,closeup
,images/img9901.jpg,6.622807,closeup,closeup
,images/img9921.jpg,9.621711,closeup,closeup
,images/img9941.jpg,10.663377,crowd,crowd
,images/img9961.jpg,16.266447,crowd,crowd
,images/img9981.jpg,18.669134,crowd,crowd
,images/img10001.jpg,5.922423,closeup,closeup
,images/img10021.jpg,6.082785,closeup,closeup
,images/img10041.jpg,13.182566,crowd,crowd
,images/img10061.jpg,9.120066,closeup,closeup
,images/img10081.jpg,7.593202,closeup,closeup
,images/img10101.jpg,8.580044,closeup,closeup
,images/img10121.jpg,8.993969,closeup,closeup
,images/img10141.jpg,11.251371,crowd,crowd
,images/img10161.jpg,10.808662,crowd,crowd
,images/img10181.jpg,10.357730,crowd,crowd
,images/img10201.jpg,8.033169,closeup,closeup
,images/img10221.jpg,8.612939,closeup,closeup
,images/img10241.jpg,4.961623,closeup,closeup
,images/img10261.jpg,7.452029,closeup,closeup
,images/img10281.jpg,13.068805,crowd,crowd
,images/img10301.jpg,11.492599,crowd,crowd
,images/img10321.jpg,10.186404,crowd,crowd
,images/img10341.jpg,7.452029,closeup,closeup
,images/img10361.jpg,7.691886,closeup,closeup
,images/img10381.jpg,8.137336,closeup,closeup
,images/img10401.jpg,11.425439,crowd,crowd
,images/img10421.jpg,11.402138,crowd,crowd
,images/img10441.jpg,11.839364,crowd,crowd
,images/img10461.jpg,21.240406,crowd,crowd
,images/img10481.jpg,6.392544,closeup,closeup
,images/img10501.jpg,5.391996,closeup,closeup
,images/img10521.jpg,7.497259,closeup,closeup
,images/img10541.jpg,8.159265,closeup,closeup
,images/img10561.jpg,8.375822,closeup,closeup
,images/img10581.jpg,7.689145,closeup,closeup
,images/img10601.jpg,9.480537,closeup,closeup
,images/img10621.jpg,7.771382,closeup,closeup
,images/img10641.jpg,7.835800,closeup,closeup
,images/img10661.jpg,8.123629,closeup,closeup
,images/img10681.jpg,17.127193,crowd,crowd
,images/img10701.jpg,17.066886,crowd,crowd
,images/img10721.jpg,16.378838,crowd,crowd
,images/img10741.jpg,15.807292,crowd,crowd
,images/img10761.jpg,10.259046,crowd,crowd
,images/img10781.jpg,11.118421,crowd,crowd
,images/img10801.jpg,11.174616,crowd,crowd
,images/img10821.jpg,11.215735,crowd,crowd
,images/img10841.jpg,11.532346,crowd,crowd
,images/img10861.jpg,11.755757,crowd,crowd
,images/img10881.jpg,11.859923,crowd,crowd
,images/img10901.jpg,12.273849,crowd,crowd
,images/img10921.jpg,11.799616,crowd,crowd
,images/img10941.jpg,12.667215,crowd,crowd
,images/img10961.jpg,9.514803,closeup,closeup
,images/img10981.jpg,9.679276,closeup,closeup
,images/img11001.jpg,9.958882,closeup,closeup
,images/img11021.jpg,9.473684,closeup,closeup
,images/img11041.jpg,9.838268,closeup,closeup
,images/img11061.jpg,10.238487,crowd,crowd
,images/img11081.jpg,9.931469,closeup,closeup
,images/img11101.jpg,9.523026,closeup,closeup
,images/img11121.jpg,9.063871,closeup,closeup
,images/img11141.jpg,7.878289,closeup,closeup
,images/img11161.jpg,7.001096,closeup,closeup
,images/img11181.jpg,8.244243,closeup,closeup
,images/img11201.jpg,8.839090,closeup,closeup
,images/img11221.jpg,9.439419,closeup,closeup
,images/img11241.jpg,8.685581,closeup,closeup
,images/img11261.jpg,9.235197,closeup,closeup
,images/img11281.jpg,9.329770,closeup,closeup
,images/img11301.jpg,10.031524,crowd,crowd
,images/img11321.jpg,6.445998,closeup,closeup
,images/img11341.jpg,8.584156,closeup,closeup
,images/img11361.jpg,7.393092,closeup,closeup
,images/img11381.jpg,9.372259,closeup,closeup
,images/img11401.jpg,9.775219,closeup,closeup
,images/img11421.jpg,9.461349,closeup,closeup
,images/img11441.jpg,11.955866,crowd,crowd
,images/img11461.jpg,12.606908,crowd,crowd
,images/img11481.jpg,12.162829,crowd,crowd
,images/img11501.jpg,11.099232,crowd,crowd
,images/img11521.jpg,8.674616,closeup,closeup
,images/img11541.jpg,12.183388,crowd,crowd
,images/img11561.jpg,12.982456,crowd,crowd
,images/img11581.jpg,12.761787,crowd,crowd
,images/img11601.jpg,13.766447,crowd,crowd
,images/img11621.jpg,14.067982,crowd,crowd
,images/img11641.jpg,13.855537,crowd,crowd
,images/img11661.jpg,13.865132,crowd,crowd
,images/img11681.jpg,13.832237,crowd,crowd
,images/img11701.jpg,7.975603,closeup,closeup
,images/img11721.jpg,6.780428,closeup,closeup
,images/img11741.jpg,5.756579,closeup,closeup
,images/img11761.jpg,6.699561,closeup,closeup
,images/img11781.jpg,9.369518,closeup,closeup
,images/img11801.jpg,10.833333,crowd,crowd
,images/img11821.jpg,10.180921,crowd,crowd
,images/img11841.jpg,10.863487,crowd,crowd
,images/img11861.jpg,11.898300,crowd,crowd
,images/img11881.jpg,11.393914,crowd,crowd
,images/img11901.jpg,10.527686,crowd,crowd
,images/img11921.jpg,12.305373,crowd,crowd
,images/img11941.jpg,11.528235,crowd,crowd
,images/img11961.jpg,12.546601,crowd,crowd
,images/img11981.jpg,14.524397,crowd,crowd
,images/img12001.jpg,14.255757,crowd,crowd
,images/img12021.jpg,14.725877,crowd,crowd
,images/img12041.jpg,14.177632,crowd,crowd
,images/img12061.jpg,11.758498,crowd,crowd
,images/img12081.jpg,14.121436,crowd,crowd
,images/img12101.jpg,12.963268,crowd,crowd
,images/img12121.jpg,10.607182,crowd,crowd
,images/img12141.jpg,10.309759,crowd,crowd
,images/img12161.jpg,10.472862,crowd,crowd
,images/img12181.jpg,10.382401,crowd,crowd
,images/img12201.jpg,10.054825,crowd,crowd
,images/img12221.jpg,13.647204,crowd,crowd
,images/img12241.jpg,12.679550,crowd,crowd
,images/img12261.jpg,7.309485,closeup,closeup
,images/img12281.jpg,6.670779,closeup,closeup
,images/img12301.jpg,8.071546,closeup,closeup
,images/img12321.jpg,9.897204,closeup,closeup
,images/img12341.jpg,11.990132,crowd,crowd
,images/img12361.jpg,10.394737,crowd,crowd
,images/img12381.jpg,8.041393,closeup,closeup
,images/img12401.jpg,8.120888,closeup,closeup
,images/img12421.jpg,7.902961,closeup,closeup
,images/img12441.jpg,8.255208,closeup,closeup
,images/img12461.jpg,7.149123,closeup,closeup
,images/img12481.jpg,12.341009,crowd,crowd
,images/img12501.jpg,14.195450,crowd,crowd
,images/img12521.jpg,14.232456,crowd,crowd
,images/img12541.jpg,14.070724,crowd,crowd
,images/img12561.jpg,14.189967,crowd,crowd
,images/img12581.jpg,14.246162,crowd,crowd
,images/img12601.jpg,17.128564,crowd,crowd
,images/img12621.jpg,16.765351,crowd,crowd
,images/img12641.jpg,16.972314,crowd,crowd
,images/img12661.jpg,16.816064,crowd,crowd
,images/img12681.jpg,17.043586,crowd,crowd
,images/img12701.jpg,9.122807,closeup,closeup
,images/img12721.jpg,9.510691,closeup,closeup
,images/img12741.jpg,8.880208,closeup,closeup
,images/img12761.jpg,7.452029,closeup,closeup
,images/img12781.jpg,8.719846,closeup,closeup
,images/img12801.jpg,7.805647,closeup,closeup
,images/img12821.jpg,7.216283,closeup,closeup
,images/img12841.jpg,7.435581,closeup,closeup
,images/img12861.jpg,8.290844,closeup,closeup
,images/img12881.jpg,8.363487,closeup,closeup
,images/img12901.jpg,6.984649,closeup,closeup
,images/img12921.jpg,7.216283,closeup,closeup
,images/img12941.jpg,9.036458,closeup,closeup
,images/img12961.jpg,8.748629,closeup,closeup
,images/img12981.jpg,8.910362,closeup,closeup
,images/img13001.jpg,8.405976,closeup,closeup
,images/img13021.jpg,8.900768,closeup,closeup
,images/img13041.jpg,9.509320,closeup,closeup
,images/img13061.jpg,9.969846,closeup,closeup
,images/img13081.jpg,10.130208,crowd,crowd
,images/img13101.jpg,10.156250,crowd,crowd
,images/img13121.jpg,10.157621,crowd,crowd
,images/img13141.jpg,10.160362,crowd,crowd
,images/img13161.jpg,10.145285,crowd,crowd
,images/img13181.jpg,10.230263,crowd,crowd
,images/img13201.jpg,10.183662,crowd,crowd
,images/img13221.jpg,9.842379,closeup,closeup
,images/img13241.jpg,9.221491,closeup,closeup
,images/img13261.jpg,8.929550,closeup,closeup
,images/img13281.jpg,9.336623,closeup,closeup
,images/img13301.jpg,8.485471,closeup,closeup
,images/img13321.jpg,9.210526,closeup,closeup
,images/img13341.jpg,7.863213,closeup,closeup
,images/img13361.jpg,7.290296,closeup,closeup
,images/img13381.jpg,8.368969,closeup,closeup
,images/img13401.jpg,7.475329,closeup,closeup
,images/img13421.jpg,8.963816,closeup,closeup
,images/img13441.jpg,8.876096,closeup,closeup
,images/img13461.jpg,7.091557,closeup,closeup
,images/img13481.jpg,8.612939,closeup,closeup
,images/img13501.jpg,8.754112,closeup,closeup
,images/img13521.jpg,8.484101,closeup,closeup
,images/img13541.jpg,7.415022,closeup,closeup
,images/img13561.jpg,10.424890,crowd,crowd
,images/img13581.jpg,10.519463,crowd,crowd
,images/img13601.jpg,10.699013,crowd,crowd
,images/img13621.jpg,10.749726,crowd,crowd
,images/img13641.jpg,10.522204,crowd,crowd
,images/img13661.jpg,10.748355,crowd,crowd
,images/img13681.jpg,10.572917,crowd,crowd
,images/img13701.jpg,10.423520,crowd,crowd
,images/img13721.jpg,10.633224,crowd,crowd
,images/img13741.jpg,10.723684,crowd,crowd
,images/img13761.jpg,10.651042,crowd,crowd
,images/img13781.jpg,7.209430,closeup,closeup
,images/img13801.jpg,7.053180,closeup,closeup
,images/img13821.jpg,7.195724,closeup,closeup
,images/img13841.jpg,7.630208,closeup,closeup
,images/img13861.jpg,9.385965,closeup,closeup
,images/img13881.jpg,9.446272,closeup,closeup
,images/img13901.jpg,9.470943,closeup,closeup
,images/img13921.jpg,8.903509,closeup,closeup
,images/img13941.jpg,7.828947,closeup,closeup
,images/img13961.jpg,8.172971,closeup,closeup
,images/img13981.jpg,8.353893,closeup,closeup
,images/img14001.jpg,8.085252,closeup,closeup
,images/img14021.jpg,8.312774,closeup,closeup
,images/img14041.jpg,9.033717,closeup,closeup
,images/img14061.jpg,8.410088,closeup,closeup
,images/img14081.jpg,8.911732,closeup,closeup
,images/img14101.jpg,7.506853,closeup,closeup
,images/img14121.jpg,10.667489,crowd,crowd
,images/img14141.jpg,8.654057,closeup,closeup
,images/img14161.jpg,9.250274,closeup,closeup
,images/img14181.jpg,8.167489,closeup,closeup
,images/img14201.jpg,8.419682,closeup,closeup
,images/img14221.jpg,8.426535,closeup,closeup
,images/img14241.jpg,8.682840,closeup,closeup
,images/img14261.jpg,8.795230,closeup,closeup
,images/img14281.jpg,9.765625,closeup,closeup
,images/img14301.jpg,10.455044,crowd,crowd
,images/img14321.jpg,8.943257,closeup,closeup
,images/img14341.jpg,10.439967,crowd,crowd
,images/img14361.jpg,13.013980,crowd,crowd
,images/img14381.jpg,13.458059,crowd,crowd
,images/img14401.jpg,12.342379,crowd,crowd
,images/img14421.jpg,13.281250,crowd,crowd
,images/img14441.jpg,12.517818,crowd,crowd
,images/img14461.jpg,12.472588,crowd,crowd
,images/img14481.jpg,11.595395,crowd,crowd
,images/img14501.jpg,10.529057,crowd,crowd
,images/img14521.jpg,8.199013,closeup,closeup
,images/img14541.jpg,7.550713,closeup,closeup
,images/img14561.jpg,7.950932,closeup,closeup
,images/img14581.jpg,8.692434,closeup,closeup
,images/img14601.jpg,9.506579,closeup,closeup
,images/img14621.jpg,8.253838,closeup,closeup
,images/img14641.jpg,7.283443,closeup,closeup
,images/img14661.jpg,9.154331,closeup,closeup
,images/img14681.jpg,8.902138,closeup,closeup
,images/img14701.jpg,9.026864,closeup,closeup
,images/img14721.jpg,8.885691,closeup,closeup
,images/img14741.jpg,7.930373,closeup,closeup
,images/img14761.jpg,9.843750,closeup,closeup
,images/img14781.jpg,8.140077,closeup,closeup
,images/img14801.jpg,10.211075,crowd,crowd
,images/img14821.jpg,10.235746,crowd,crowd
,images/img14841.jpg,9.942434,closeup,closeup
,images/img14861.jpg,10.205592,crowd,crowd
,images/img14881.jpg,10.013706,crowd,crowd
,images/img14901.jpg,10.067160,crowd,crowd
,images/img14921.jpg,9.841009,closeup,closeup
,images/img14941.jpg,9.817708,closeup,closeup
,images/img14961.jpg,10.223410,crowd,crowd
,images/img14981.jpg,10.263158,crowd,crowd
,images/img15001.jpg,9.869792,closeup,closeup
,images/img15021.jpg,9.838268,closeup,closeup
,images/img15041.jpg,7.898849,closeup,closeup
,images/img15061.jpg,7.382127,closeup,closeup
,images/img15081.jpg,7.199836,closeup,closeup
,images/img15101.jpg,7.706963,closeup,closeup
,images/img15121.jpg,7.913925,closeup,closeup
,images/img15141.jpg,7.646656,closeup,closeup
,images/img15161.jpg,6.211623,closeup,closeup
,images/img15181.jpg,5.693531,closeup,closeup
,images/img15201.jpg,8.373081,closeup,closeup
,images/img15221.jpg,8.311404,closeup,closeup
,images/img15241.jpg,8.887061,closeup,closeup
,images/img15261.jpg,9.962993,closeup,closeup
,images/img15281.jpg,8.234649,closeup,closeup
,images/img15301.jpg,8.440241,closeup,closeup
,images/img15321.jpg,8.157895,closeup,closeup
,images/img15341.jpg,6.865406,closeup,closeup
,images/img15361.jpg,7.161458,closeup,closeup
,images/img15381.jpg,7.258772,closeup,closeup
,images/img15401.jpg,7.009320,closeup,closeup
,images/img15421.jpg,6.522752,closeup,closeup
,images/img15441.jpg,6.646107,closeup,closeup
,images/img15461.jpg,6.539200,closeup,closeup
,images/img15481.jpg,7.113487,closeup,closeup
,images/img15501.jpg,7.166941,closeup,closeup
,images/img15521.jpg,6.817434,closeup,closeup
,images/img15541.jpg,6.898300,closeup,closeup
,images/img15561.jpg,7.833059,closeup,closeup
,images/img15581.jpg,9.895833,closeup,closeup
,images/img15601.jpg,9.100877,closeup,closeup
,images/img15621.jpg,9.000822,closeup,closeup
,images/img15641.jpg,8.356634,closeup,closeup
,images/img15661.jpg,9.050164,closeup,closeup
,images/img15681.jpg,8.236020,closeup,closeup
,images/img15701.jpg,9.183114,closeup,closeup
,images/img15721.jpg,8.844572,closeup,closeup
,images/img15741.jpg,9.479167,closeup,closeup
,images/img15761.jpg,6.766721,closeup,closeup
,images/img15781.jpg,7.145011,closeup,closeup
,images/img15801.jpg,8.693805,closeup,closeup
,images/img15821.jpg,9.184485,closeup,closeup
,images/img15841.jpg,8.015351,closeup,closeup
,images/img15861.jpg,7.264254,closeup,closeup
,images/img15881.jpg,9.263980,closeup,closeup
,images/img15901.jpg,8.282621,closeup,closeup
,images/img15921.jpg,15.239857,crowd,crowd
,images/img15941.jpg,15.212445,crowd,crowd
,images/img15961.jpg,14.846491,crowd,crowd
,images/img15981.jpg,11.521382,crowd,crowd
,images/img16001.jpg,12.283443,crowd,crowd
,images/img16021.jpg,12.663103,crowd,crowd
,images/img16041.jpg,7.669956,closeup,closeup
,images/img16061.jpg,7.238213,closeup,closeup
,images/img16081.jpg,5.279605,closeup,closeup
,images/img16101.jpg,5.837445,closeup,closeup
,images/img16121.jpg,10.212445,crowd,crowd
,images/img16141.jpg,7.486294,closeup,closeup
,images/img16161.jpg,8.115406,closeup,closeup
,images/img16181.jpg,6.001919,closeup,closeup
,images/img16201.jpg,6.392544,closeup,closeup
,images/img16221.jpg,7.013432,closeup,closeup
,images/img16241.jpg,16.891447,crowd,crowd
,images/img16261.jpg,16.979167,crowd,crowd
,images/img16281.jpg,9.782072,closeup,closeup
,images/img16301.jpg,10.507127,crowd,crowd
,images/img16321.jpg,9.586075,closeup,closeup
,images/img16341.jpg,9.679276,closeup,closeup
,images/img16361.jpg,10.028783,crowd,crowd
,images/img16381.jpg,6.711897,closeup,closeup
,images/img16401.jpg,7.325932,closeup,closeup
,images/img16421.jpg,11.666667,crowd,crowd
,images/img16441.jpg,12.590461,crowd,crowd
,images/img16461.jpg,12.362939,crowd,crowd
,images/img16481.jpg,12.530154,crowd,crowd
,images/img16501.jpg,12.295779,crowd,crowd
,images/img16521.jpg,12.864583,crowd,crowd
,images/img16541.jpg,12.875548,crowd,crowd
,images/img16561.jpg,12.838542,crowd,crowd
,images/img16581.jpg,8.765077,closeup,closeup
,images/img16601.jpg,8.832237,closeup,closeup
,images/img16621.jpg,7.804276,closeup,closeup
,images/img16641.jpg,11.905154,crowd,crowd
,images/img16661.jpg,9.642270,closeup,closeup
,images/img16681.jpg,10.574287,crowd,crowd
,images/img16701.jpg,10.098684,crowd,crowd
,images/img16721.jpg,10.426261,crowd,crowd
,images/img16741.jpg,8.899397,closeup,closeup
,images/img16761.jpg,8.499178,closeup,closeup
,images/img16781.jpg,7.690515,closeup,closeup
,images/img16801.jpg,7.087445,closeup,closeup
,images/img16821.jpg,8.188048,closeup,closeup
,images/img16841.jpg,7.886513,closeup,closeup
,images/img16861.jpg,10.438596,crowd,crowd
,images/img16881.jpg,10.925164,crowd,crowd
,images/img16901.jpg,10.116502,crowd,crowd
,images/img16921.jpg,9.490132,closeup,closeup
,images/img16941.jpg,9.834156,closeup,closeup
,images/img16961.jpg,7.749452,closeup,closeup
,images/img16981.jpg,6.447368,closeup,closeup
,images/img17001.jpg,6.905154,closeup,closeup
,images/img17021.jpg,8.762336,closeup,closeup
,images/img17041.jpg,10.080866,crowd,crowd
,images/img17061.jpg,9.806743,closeup,closeup
,images/img17081.jpg,8.458059,closeup,closeup
,images/img17101.jpg,7.575384,closeup,closeup
,images/img17121.jpg,5.960800,closeup,closeup
,images/img17141.jpg,7.886513,closeup,closeup
,images/img17161.jpg,7.439693,closeup,closeup
,images/img17181.jpg,9.043311,closeup,closeup
,images/img17201.jpg,9.791667,closeup,closeup
,images/img17221.jpg,8.714364,closeup,closeup
,images/img17241.jpg,7.983827,closeup,closeup
,images/img17261.jpg,8.148300,closeup,closeup
,images/img17281.jpg,8.044134,closeup,closeup
,images/img17301.jpg,8.819901,closeup,closeup
,images/img17321.jpg,9.228344,closeup,closeup
,images/img17341.jpg,9.491502,closeup,closeup
,images/img17361.jpg,10.311129,crowd,crowd
,images/img17381.jpg,9.290022,closeup,closeup
,images/img17401.jpg,9.431195,closeup,closeup
,images/img17421.jpg,9.321546,closeup,closeup
,images/img17441.jpg,9.266721,closeup,closeup
,images/img17461.jpg,8.003015,closeup,closeup
,images/img17481.jpg,7.848136,closeup,closeup
,images/img17501.jpg,8.208607,closeup,closeup
,images/img17521.jpg,8.903509,closeup,closeup
,images/img17541.jpg,8.312774,closeup,closeup
,images/img17561.jpg,8.303180,closeup,closeup
,images/img17581.jpg,8.234649,closeup,closeup
,images/img17601.jpg,10.163103,crowd,crowd
,images/img17621.jpg,11.544682,crowd,crowd
,images/img17641.jpg,11.909265,crowd,crowd
,images/img17661.jpg,11.753015,crowd,crowd
,images/img17681.jpg,9.232456,closeup,closeup
,images/img17701.jpg,8.832237,closeup,closeup
,images/img17721.jpg,10.738761,crowd,crowd
,images/img17741.jpg,11.173246,crowd,crowd
,images/img17761.jpg,6.681743,closeup,closeup
,images/img17781.jpg,7.295779,closeup,closeup
,images/img17801.jpg,6.850329,closeup,closeup
,images/img17821.jpg,6.969572,closeup,closeup
,images/img17841.jpg,7.787829,closeup,closeup
,images/img17861.jpg,7.391721,closeup,closeup
,images/img17881.jpg,7.434211,closeup,closeup
,images/img17901.jpg,10.260417,crowd,crowd
,images/img17921.jpg,7.534265,closeup,closeup
,images/img17941.jpg,8.079770,closeup,closeup
,images/img17961.jpg,8.231908,closeup,closeup
,images/img17981.jpg,9.129660,closeup,closeup
,images/img18001.jpg,7.876919,closeup,closeup
,images/img18021.jpg,8.603344,closeup,closeup
,images/img18041.jpg,8.810307,closeup,closeup
,images/img18061.jpg,9.590186,closeup,closeup
,images/img18081.jpg,8.307292,closeup,closeup
,images/img18101.jpg,7.138158,closeup,closeup
,images/img18121.jpg,8.211349,closeup,closeup
,images/img18141.jpg,8.127741,closeup,closeup
,images/img18161.jpg,9.328399,closeup,closeup
,images/img18181.jpg,9.025493,closeup,closeup
,images/img18201.jpg,10.327577,crowd,crowd
,images/img18221.jpg,10.476974,crowd,crowd
,images/img18241.jpg,10.666118,crowd,crowd
,images/img18261.jpg,12.687774,crowd,crowd
,images/img18281.jpg,13.078399,crowd,crowd
,images/img18301.jpg,13.447094,crowd,crowd
,images/img18321.jpg,12.506853,crowd,crowd
,images/img18341.jpg,12.042215,crowd,crowd
,images/img18361.jpg,11.846217,crowd,crowd
,images/img18381.jpg,10.886787,crowd,crowd
,images/img18401.jpg,11.853070,crowd,crowd
,images/img18421.jpg,12.538377,crowd,crowd
,images/img18441.jpg,11.318531,crowd,crowd
,images/img18461.jpg,8.608827,closeup,closeup
,images/img18481.jpg,9.898575,closeup,closeup
,images/img18501.jpg,10.097314,crowd,crowd
,images/img18521.jpg,8.523849,closeup,closeup
,images/img18541.jpg,8.240132,closeup,closeup
,images/img18561.jpg,9.017270,closeup,closeup
,images/img18581.jpg,8.802083,closeup,closeup
,images/img18601.jpg,7.347862,closeup,closeup
,images/img18621.jpg,8.885691,closeup,closeup
,images/img18641.jpg,8.204496,closeup,closeup
,images/img18661.jpg,8.112664,closeup,closeup
,images/img18681.jpg,7.245066,closeup,closeup
,images/img18701.jpg,7.001096,closeup,closeup
,images/img18721.jpg,8.363487,closeup,closeup
,images/img18741.jpg,8.333333,closeup,closeup
,images/img18761.jpg,8.496436,closeup,closeup
,images/img18781.jpg,6.374726,closeup,closeup
,images/img18801.jpg,7.261513,closeup,closeup
,images/img18821.jpg,7.373904,closeup,closeup
,images/img18841.jpg,5.984101,closeup,closeup
,images/img18861.jpg,9.440789,closeup,closeup
,images/img18881.jpg,9.820450,closeup,closeup
,images/img18901.jpg,9.388706,closeup,closeup
,images/img18921.jpg,10.620888,crowd,crowd
,images/img18941.jpg,10.161732,crowd,crowd
,images/img18961.jpg,10.186404,crowd,crowd
,images/img18981.jpg,10.165844,crowd,crowd
,images/img19001.jpg,8.851425,closeup,closeup
,images/img19021.jpg,8.042763,closeup,closeup
,images/img19041.jpg,9.961623,closeup,closeup
,images/img19061.jpg,10.370066,crowd,crowd
,images/img19081.jpg,10.228893,crowd,crowd
,images/img19101.jpg,10.278235,crowd,crowd
,images/img19121.jpg,9.893092,closeup,closeup
,images/img19141.jpg,7.790570,closeup,closeup
,images/img19161.jpg,7.990680,closeup,closeup
,images/img19181.jpg,9.253015,closeup,closeup
,images/img19201.jpg,10.731908,crowd,crowd
,images/img19221.jpg,11.085526,crowd,crowd
,images/img19241.jpg,9.553180,closeup,closeup
,images/img19261.jpg,9.760143,closeup,closeup
,images/img19281.jpg,9.925987,closeup,closeup
,images/img19301.jpg,9.828673,closeup,closeup
,images/img19321.jpg,8.649945,closeup,closeup
,images/img19341.jpg,7.750822,closeup,closeup
,images/img19361.jpg,7.271107,closeup,closeup
,images/img19381.jpg,14.078947,crowd,crowd
,images/img19401.jpg,14.189967,crowd,crowd
,images/img19421.jpg,12.153235,crowd,crowd
,images/img19441.jpg,10.779879,crowd,crowd
,images/img19461.jpg,15.448191,crowd,crowd
,images/img19481.jpg,13.149671,crowd,crowd
,images/img19501.jpg,6.843476,closeup,closeup
,images/img19521.jpg,6.650219,closeup,closeup
,images/img19541.jpg,11.696820,crowd,crowd
,images/img19561.jpg,10.135691,crowd,crowd
,images/img19581.jpg,9.013158,closeup,closeup
,images/img19601.jpg,10.078125,crowd,crowd
,images/img19621.jpg,9.446272,closeup,closeup
,images/img19641.jpg,9.184485,closeup,closeup
,images/img19661.jpg,9.550439,closeup,closeup
,images/img19681.jpg,9.059759,closeup,closeup
,images/img19701.jpg,8.418311,closeup,closeup
,images/img19721.jpg,4.976700,closeup,closeup
,images/img19741.jpg,8.696546,closeup,closeup
,images/img19761.jpg,12.323191,crowd,crowd
,images/img19781.jpg,9.314693,closeup,closeup
,images/img19801.jpg,10.365954,crowd,crowd
,images/img19821.jpg,6.757127,closeup,closeup
,images/img19841.jpg,7.502741,closeup,closeup
,images/img19861.jpg,6.827029,closeup,closeup
,images/img19881.jpg,11.669408,crowd,crowd
,images/img19901.jpg,13.061952,crowd,crowd
,images/img19921.jpg,9.025493,closeup,closeup
,images/img19941.jpg,11.814693,crowd,crowd
,images/img19961.jpg,11.714638,crowd,crowd
,images/img19981.jpg,9.365406,closeup,closeup
,images/img20001.jpg,9.026864,closeup,closeup
,images/img20021.jpg,6.820175,closeup,closeup
,images/img20041.jpg,7.742599,closeup,closeup
,images/img20061.jpg,8.003015,closeup,closeup
,images/img20081.jpg,8.851425,closeup,closeup
,images/img20101.jpg,11.975055,crowd,crowd
,images/img20121.jpg,8.552632,closeup,closeup
,images/img20141.jpg,7.716557,closeup,closeup
,images/img20161.jpg,7.734375,closeup,closeup
,images/img20181.jpg,8.548520,closeup,closeup
,images/img20201.jpg,8.899397,closeup,closeup
,images/img20221.jpg,9.110471,closeup,closeup
,images/img20241.jpg,10.028783,crowd,crowd
,images/img20261.jpg,9.270833,closeup,closeup
,images/img20281.jpg,8.597862,closeup,closeup
,images/img20301.jpg,9.076206,closeup,closeup
,images/img20321.jpg,8.596491,closeup,closeup
,images/img20341.jpg,8.945998,closeup,closeup
,images/img20361.jpg,9.564145,closeup,closeup
,images/img20381.jpg,9.117325,closeup,closeup
,images/img20401.jpg,9.246162,closeup,closeup
,images/img20421.jpg,9.080318,closeup,closeup
,images/img20441.jpg,8.632127,closeup,closeup
,images/img20461.jpg,8.814419,closeup,closeup
,images/img20481.jpg,8.475877,closeup,closeup
,images/img20501.jpg,8.559485,closeup,closeup
,images/img20521.jpg,9.251645,closeup,closeup
,images/img20541.jpg,8.921327,closeup,closeup
,images/img20561.jpg,8.348410,closeup,closeup
,images/img20581.jpg,7.834430,closeup,closeup
,images/img20601.jpg,8.814419,closeup,closeup
,images/img20621.jpg,8.282621,closeup,closeup
,images/img20641.jpg,7.412281,closeup,closeup
,images/img20661.jpg,8.098958,closeup,closeup
,images/img20681.jpg,8.728070,closeup,closeup
,images/img20701.jpg,7.637061,closeup,closeup
,images/img20721.jpg,11.587171,crowd,crowd
,images/img20741.jpg,10.594846,crowd,crowd
,images/img20761.jpg,7.446546,closeup,closeup
,images/img20781.jpg,7.006579,closeup,closeup
,images/img20801.jpg,8.525219,closeup,closeup
,images/img20821.jpg,8.610197,closeup,closeup
,images/img20841.jpg,8.633498,closeup,closeup
,images/img20861.jpg,10.278235,crowd,crowd
,images/img20881.jpg,11.111568,crowd,crowd
,images/img20901.jpg,10.446820,crowd,crowd
,images/img20921.jpg,10.755208,crowd,crowd
,images/img20941.jpg,11.550164,crowd,crowd
,images/img20961.jpg,10.901864,crowd,crowd
,images/img20981.jpg,12.058662,crowd,crowd
,images/img21001.jpg,11.776316,crowd,crowd
,images/img21021.jpg,11.818805,crowd,crowd
,images/img21041.jpg,11.729715,crowd,crowd
,images/img21061.jpg,11.858553,crowd,crowd
,images/img21081.jpg,12.582237,crowd,crowd
,images/img21101.jpg,11.914748,crowd,crowd
,images/img21121.jpg,11.744792,crowd,crowd
,images/img21141.jpg,9.444901,closeup,closeup
,images/img21161.jpg,9.010417,closeup,closeup
,images/img21181.jpg,8.072917,closeup,closeup
,images/img21201.jpg,8.791118,closeup,closeup
,images/img21221.jpg,8.582785,closeup,closeup
,images/img21241.jpg,8.729441,closeup,closeup
,images/img21261.jpg,10.150768,crowd,crowd
,images/img21281.jpg,9.584704,closeup,closeup
,images/img21301.jpg,9.424342,closeup,closeup
,images/img21321.jpg,7.939967,closeup,closeup
,images/img21341.jpg,8.209978,closeup,closeup
,images/img21361.jpg,7.935855,closeup,closeup
,images/img21381.jpg,8.068805,closeup,closeup
,images/img21401.jpg,7.717928,closeup,closeup
,images/img21421.jpg,8.018092,closeup,closeup
,images/img21441.jpg,9.202303,closeup,closeup
,images/img21461.jpg,9.394189,closeup,closeup
,images/img21481.jpg,9.665570,closeup,closeup
,images/img21501.jpg,9.533991,closeup,closeup
,images/img21521.jpg,9.824561,closeup,closeup
,images/img21541.jpg,8.264803,closeup,closeup
,images/img21561.jpg,9.146107,closeup,closeup
,images/img21581.jpg,8.836349,closeup,closeup
,images/img21601.jpg,8.747259,closeup,closeup
,images/img21621.jpg,7.135417,closeup,closeup
,images/img21641.jpg,8.588268,closeup,closeup
,images/img21661.jpg,10.052083,crowd,crowd
,images/img21681.jpg,7.902961,closeup,closeup
,images/img21701.jpg,8.552632,closeup,closeup
,images/img21721.jpg,8.308662,closeup,closeup
,images/img21741.jpg,10.278235,crowd,crowd
,images/img21761.jpg,8.629386,closeup,closeup
,images/img21781.jpg,13.671875,crowd,crowd
,images/img21801.jpg,13.976151,crowd,crowd
,images/img21821.jpg,13.597862,crowd,crowd
,images/img21841.jpg,13.834978,crowd,crowd
,images/img21861.jpg,12.983827,crowd,crowd
,images/img21881.jpg,13.057840,crowd,crowd
,images/img21901.jpg,7.486294,closeup,closeup
,images/img21921.jpg,7.238213,closeup,closeup
,images/img21941.jpg,7.434211,closeup,closeup
,images/img21961.jpg,8.787007,closeup,closeup
,images/img21981.jpg,7.497259,closeup,closeup
,images/img22001.jpg,8.632127,closeup,closeup
,images/img22021.jpg,9.549068,closeup,closeup
,images/img22041.jpg,9.444901,closeup,closeup
,images/img22061.jpg,7.664474,closeup,closeup
,images/img22081.jpg,8.040022,closeup,closeup
,images/img22101.jpg,8.499178,closeup,closeup
,images/img22121.jpg,8.109923,closeup,closeup
,images/img22141.jpg,11.210252,crowd,crowd
,images/img22161.jpg,12.050439,crowd,crowd
,images/img22181.jpg,11.507675,crowd,crowd
,images/img22201.jpg,11.862664,crowd,crowd
,images/img22221.jpg,12.010691,crowd,crowd
,images/img22241.jpg,11.924342,crowd,crowd
,images/img22261.jpg,12.075110,crowd,crowd
,images/img22281.jpg,11.857182,crowd,crowd
,images/img22301.jpg,11.736568,crowd,crowd
,images/img22321.jpg,11.981908,crowd,crowd
,images/img22341.jpg,12.017544,crowd,crowd
,images/img22361.jpg,11.935307,crowd,crowd
,images/img22381.jpg,11.979167,crowd,crowd
,images/img22401.jpg,11.924342,crowd,crowd
,images/img22421.jpg,11.946272,crowd,crowd
,images/img22441.jpg,9.218750,closeup,closeup
,images/img22461.jpg,9.107730,closeup,closeup
,images/img22481.jpg,9.368147,closeup,closeup
,images/img22501.jpg,9.529879,closeup,closeup
,images/img22521.jpg,8.163377,closeup,closeup
,images/img22541.jpg,7.316338,closeup,closeup
,images/img22561.jpg,7.715186,closeup,closeup
,images/img22581.jpg,7.967379,closeup,closeup
,images/img22601.jpg,8.824013,closeup,closeup
,images/img22621.jpg,8.858279,closeup,closeup
,images/img22641.jpg,8.851425,closeup,closeup
,images/img22661.jpg,9.444901,closeup,closeup
,images/img22681.jpg,7.719298,closeup,closeup
,images/img22701.jpg,7.822094,closeup,closeup
,images/img22721.jpg,8.433388,closeup,closeup
,images/img22741.jpg,8.612939,closeup,closeup
,images/img22761.jpg,8.774671,closeup,closeup
,images/img22781.jpg,7.324561,closeup,closeup
,images/img22801.jpg,8.397752,closeup,closeup
,images/img22821.jpg,8.692434,closeup,closeup
,images/img22841.jpg,9.036458,closeup,closeup
,images/img22861.jpg,8.947368,closeup,closeup
,images/img22881.jpg,8.907621,closeup,closeup
,images/img22901.jpg,8.140077,closeup,closeup
,images/img22921.jpg,9.853344,closeup,closeup
,images/img22941.jpg,9.235197,closeup,closeup
,images/img22961.jpg,12.976974,crowd,crowd
,images/img22981.jpg,12.446546,crowd,crowd
,images/img23001.jpg,12.334156,crowd,crowd
,images/img23021.jpg,12.464364,crowd,crowd
,images/img23041.jpg,12.354715,crowd,crowd
,images/img23061.jpg,12.342379,crowd,crowd
,images/img23081.jpg,13.024945,crowd,crowd
,images/img23101.jpg,12.793311,crowd,crowd
,images/img23121.jpg,12.171053,crowd,crowd
,images/img23141.jpg,7.375274,closeup,closeup
,images/img23161.jpg,7.028509,closeup,closeup
,images/img23181.jpg,6.854441,closeup,closeup
,images/img23201.jpg,6.892818,closeup,closeup
,images/img23221.jpg,12.716557,crowd,crowd
,images/img23241.jpg,12.738487,crowd,crowd
,images/img23261.jpg,13.961075,crowd,crowd
,images/img23281.jpg,13.245614,crowd,crowd
,images/img23301.jpg,13.215461,crowd,crowd
,images/img23321.jpg,12.883772,crowd,crowd
,images/img23341.jpg,9.255757,closeup,closeup
,images/img23361.jpg,9.285910,closeup,closeup
,images/img23381.jpg,9.089912,closeup,closeup
,images/img23401.jpg,8.993969,closeup,closeup
,images/img23421.jpg,8.980263,closeup,closeup
,images/img23441.jpg,9.228344,closeup,closeup
,images/img23461.jpg,8.172971,closeup,closeup
,images/img23481.jpg,7.526042,closeup,closeup
,images/img23501.jpg,6.761239,closeup,closeup
,images/img23521.jpg,6.543311,closeup,closeup
,images/img23541.jpg,5.435855,closeup,closeup
,images/img23561.jpg,9.065241,closeup,closeup
,images/img23581.jpg,8.523849,closeup,closeup
,images/img23601.jpg,12.106634,crowd,crowd
,images/img23621.jpg,12.782346,crowd,crowd
,images/img23641.jpg,9.518914,closeup,closeup
,images/img23661.jpg,9.719024,closeup,closeup
,images/img23681.jpg,9.083059,closeup,closeup
,images/img23701.jpg,8.134594,closeup,closeup
,images/img23721.jpg,8.325110,closeup,closeup
,images/img23741.jpg,8.429276,closeup,closeup
,images/img23761.jpg,8.559485,closeup,closeup
,images/img23781.jpg,8.048246,closeup,closeup
,images/img23801.jpg,8.160636,closeup,closeup
,images/img23821.jpg,7.987939,closeup,closeup
,images/img23841.jpg,7.972862,closeup,closeup
,images/img23861.jpg,7.897478,closeup,closeup
,images/img23881.jpg,8.022204,closeup,closeup
,images/img23901.jpg,8.094846,closeup,closeup
,images/img23921.jpg,8.072917,closeup,closeup
,images/img23941.jpg,7.671327,closeup,closeup
,images/img23961.jpg,7.871436,closeup,closeup
,images/img23981.jpg,7.805647,closeup,closeup
,images/img24001.jpg,7.857730,closeup,closeup
,images/img24021.jpg,9.502467,closeup,closeup
,images/img24041.jpg,8.674616,closeup,closeup
,images/img24061.jpg,6.966831,closeup,closeup
,images/img24081.jpg,5.264529,closeup,closeup
,images/img24101.jpg,6.056743,closeup,closeup
,images/img24121.jpg,8.963816,closeup,closeup
,images/img24141.jpg,9.036458,closeup,closeup
,images/img24161.jpg,8.323739,closeup,closeup
,images/img24181.jpg,8.678728,closeup,closeup
,images/img24201.jpg,8.338816,closeup,closeup
,images/img24221.jpg,8.688322,closeup,closeup
,images/img24241.jpg,8.659539,closeup,closeup
,images/img24261.jpg,9.431195,closeup,closeup
,images/img24281.jpg,9.287281,closeup,closeup
,images/img24301.jpg,9.841009,closeup,closeup
,images/img24321.jpg,7.125822,closeup,closeup
,images/img24341.jpg,9.854715,closeup,closeup
,images/img24361.jpg,9.699836,closeup,closeup
,images/img24381.jpg,9.676535,closeup,closeup
,images/img24401.jpg,10.324836,crowd,crowd
,images/img24421.jpg,11.218476,crowd,crowd
,images/img24441.jpg,10.263158,crowd,crowd
,images/img24461.jpg,9.385965,closeup,closeup
,images/img24481.jpg,9.032346,closeup,closeup
,images/img24501.jpg,9.470943,closeup,closeup
,images/img24521.jpg,12.206689,crowd,crowd
,images/img24541.jpg,13.211349,crowd,crowd
,images/img24561.jpg,8.159265,closeup,closeup
,images/img24581.jpg,8.759594,closeup,closeup
,images/img24601.jpg,8.648575,closeup,closeup
,images/img24621.jpg,7.338268,closeup,closeup
,images/img24641.jpg,5.527686,closeup,closeup
,images/img24661.jpg,5.316612,closeup,closeup
,images/img24681.jpg,5.642818,closeup,closeup
,images/img24701.jpg,5.927906,closeup,closeup
,images/img24721.jpg,8.689693,closeup,closeup
,images/img24741.jpg,8.730811,closeup,closeup
,images/img24761.jpg,8.135965,closeup,closeup
,images/img24781.jpg,7.176535,closeup,closeup
,images/img24801.jpg,8.754112,closeup,closeup
,images/img24821.jpg,9.185855,closeup,closeup
,images/img24841.jpg,8.976151,closeup,closeup
,images/img24861.jpg,9.070724,closeup,closeup
,images/img24881.jpg,7.186129,closeup,closeup
,images/img24901.jpg,7.317708,closeup,closeup
,images/img24921.jpg,9.671053,closeup,closeup
,images/img24941.jpg,8.692434,closeup,closeup
,images/img24961.jpg,11.477522,crowd,crowd
,images/img24981.jpg,9.561404,closeup,closeup
,images/img25001.jpg,4.709430,closeup,closeup
,images/img25021.jpg,7.036732,closeup,closeup
,images/img25041.jpg,9.677906,closeup,closeup
,images/img25061.jpg,13.026316,crowd,crowd
,images/img25081.jpg,13.126371,crowd,crowd
,images/img25101.jpg,12.616502,crowd,crowd
,images/img25121.jpg,10.065789,crowd,crowd
,images/img25141.jpg,11.144463,crowd,crowd
,images/img25161.jpg,10.651042,crowd,crowd
,images/img25181.jpg,14.405154,crowd,crowd
,images/img25201.jpg,12.745340,crowd,crowd
,images/img25221.jpg,11.210252,crowd,crowd
,images/img25241.jpg,10.755208,crowd,crowd
,images/img25261.jpg,11.328125,crowd,crowd
,images/img25281.jpg,10.349507,crowd,crowd
,images/img25301.jpg,11.336349,crowd,crowd
,images/img25321.jpg,8.197643,closeup,closeup
,images/img25341.jpg,7.743969,closeup,closeup
,images/img25361.jpg,8.854167,closeup,closeup
,images/img25381.jpg,9.257127,closeup,closeup
,images/img25401.jpg,9.170779,closeup,closeup
,images/img25421.jpg,8.418311,closeup,closeup
,images/img25441.jpg,9.109101,closeup,closeup
,images/img25461.jpg,9.061129,closeup,closeup
,images/img25481.jpg,9.520285,closeup,closeup
,images/img25501.jpg,9.851974,closeup,closeup
,images/img25521.jpg,9.346217,closeup,closeup
,images/img25541.jpg,9.739583,closeup,closeup
,images/img25561.jpg,9.768366,closeup,closeup
,images/img25581.jpg,9.253015,closeup,closeup
,images/img25601.jpg,8.991228,closeup,closeup
,images/img25621.jpg,8.914474,closeup,closeup
,images/img25641.jpg,8.330592,closeup,closeup
,images/img25661.jpg,8.704770,closeup,closeup
,images/img25681.jpg,9.165296,closeup,closeup
,images/img25701.jpg,8.175713,closeup,closeup
,images/img25721.jpg,9.133772,closeup,closeup
,images/img25741.jpg,9.577851,closeup,closeup
,images/img25761.jpg,9.109101,closeup,closeup
,images/img25781.jpg,9.653235,closeup,closeup
,images/img25801.jpg,9.461349,closeup,closeup
,images/img25821.jpg,10.270011,crowd,crowd
,images/img25841.jpg,8.682840,closeup,closeup
,images/img25861.jpg,9.720395,closeup,closeup
,images/img25881.jpg,9.823191,closeup,closeup
,images/img25901.jpg,10.257675,crowd,crowd
,images/img25921.jpg,10.359101,crowd,crowd
,images/img25941.jpg,10.973136,crowd,crowd
,images/img25961.jpg,11.537829,crowd,crowd
,images/img25981.jpg,7.557566,closeup,closeup
,images/img26001.jpg,7.338268,closeup,closeup
,images/img26021.jpg,5.701754,closeup,closeup
,images/img26041.jpg,5.797697,closeup,closeup
,images/img26061.jpg,6.773575,closeup,closeup
,images/img26081.jpg,8.610197,closeup,closeup
,images/img26101.jpg,9.074836,closeup,closeup
,images/img26121.jpg,8.373081,closeup,closeup
,images/img26141.jpg,8.578673,closeup,closeup
,images/img26161.jpg,8.275768,closeup,closeup
,images/img26181.jpg,9.964364,closeup,closeup
,images/img26201.jpg,9.598410,closeup,closeup
,images/img26221.jpg,8.980263,closeup,closeup
,images/img26241.jpg,9.657346,closeup,closeup
,images/img26261.jpg,10.001371,crowd,crowd
,images/img26281.jpg,10.479715,crowd,crowd
,images/img26301.jpg,7.149123,closeup,closeup
,images/img26321.jpg,7.308114,closeup,closeup
,images/img26341.jpg,6.909265,closeup,closeup
,images/img26361.jpg,7.187500,closeup,closeup
,images/img26381.jpg,7.098410,closeup,closeup
,images/img26401.jpg,7.564419,closeup,closeup
,images/img26421.jpg,7.933114,closeup,closeup
,images/img26441.jpg,7.058662,closeup,closeup
,images/img26461.jpg,6.491228,closeup,closeup
,images/img26481.jpg,6.673520,closeup,closeup
,images/img26501.jpg,7.371162,closeup,closeup
,images/img26521.jpg,6.359649,closeup,closeup
,images/img26541.jpg,8.358004,closeup,closeup
,images/img26561.jpg,7.350603,closeup,closeup
,images/img26581.jpg,10.160362,crowd,crowd
,images/img26601.jpg,11.141721,crowd,crowd
,images/img26621.jpg,5.718202,closeup,closeup
,images/img26641.jpg,8.013980,closeup,closeup
,images/img26661.jpg,7.386239,closeup,closeup
,images/img26681.jpg,10.344024,crowd,crowd
,images/img26701.jpg,9.377741,closeup,closeup
,images/img26721.jpg,10.727796,crowd,crowd
,images/img26741.jpg,9.684759,closeup,closeup
,images/img26761.jpg,9.682018,closeup,closeup
,images/img26781.jpg,9.314693,closeup,closeup
,images/img26801.jpg,9.587445,closeup,closeup
,images/img26821.jpg,9.346217,closeup,closeup
,images/img26841.jpg,9.099507,closeup,closeup
,images/img26861.jpg,9.096765,closeup,closeup
,images/img26881.jpg,8.950110,closeup,closeup
,images/img26901.jpg,8.837719,closeup,closeup
,images/img26921.jpg,8.399123,closeup,closeup
,images/img26941.jpg,5.905976,closeup,closeup
,images/img26961.jpg,6.626919,closeup,closeup
,images/img26981.jpg,6.929825,closeup,closeup
,images/img27001.jpg,12.841283,crowd,crowd
,images/img27021.jpg,11.861294,crowd,crowd
,images/img27041.jpg,13.648575,crowd,crowd
,images/img27061.jpg,8.867873,closeup,closeup
,images/img27081.jpg,8.814419,closeup,closeup
,images/img27101.jpg,8.666393,closeup,closeup
,images/img27121.jpg,9.762884,closeup,closeup
,images/img27141.jpg,10.167215,crowd,crowd
,images/img27161.jpg,10.164474,crowd,crowd
,images/img27181.jpg,10.175439,crowd,crowd
,images/img27201.jpg,9.468202,closeup,closeup
,images/img27221.jpg,10.640077,crowd,crowd
,images/img27241.jpg,9.984923,closeup,closeup
,images/img27261.jpg,7.251919,closeup,closeup
,images/img27281.jpg,8.950110,closeup,closeup
,images/img27301.jpg,6.066338,closeup,closeup
,images/img27321.jpg,8.956963,closeup,closeup
,images/img27341.jpg,7.395833,closeup,closeup
,images/img27361.jpg,8.559485,closeup,closeup
,images/img27381.jpg,10.681195,crowd,crowd
,images/img27401.jpg,11.583059,crowd,crowd
,images/img27421.jpg,5.367325,closeup,closeup
,images/img27441.jpg,4.621711,closeup,closeup
,images/img27461.jpg,9.210526,closeup,closeup
,images/img27481.jpg,8.462171,closeup,closeup
,images/img27501.jpg,7.794682,closeup,closeup
,images/img27521.jpg,8.865132,closeup,closeup
,images/img27541.jpg,9.300987,closeup,closeup
,images/img27561.jpg,9.668311,closeup,closeup
,images/img27581.jpg,9.010417,closeup,closeup
,images/img27601.jpg,10.058936,crowd,crowd
,images/img27621.jpg,7.314967,closeup,closeup
,images/img27641.jpg,7.860471,closeup,closeup
,images/img27661.jpg,7.772752,closeup,closeup
,images/img27681.jpg,8.196272,closeup,closeup
,images/img27701.jpg,8.212719,closeup,closeup
,images/img27721.jpg,8.854167,closeup,closeup
,images/img27741.jpg,8.119518,closeup,closeup
,images/img27761.jpg,10.224781,crowd,crowd
,images/img27781.jpg,10.148026,crowd,crowd
,images/img27801.jpg,8.766447,closeup,closeup
,images/img27821.jpg,7.288925,closeup,closeup
,images/img27841.jpg,7.802906,closeup,closeup
,images/img27861.jpg,7.320450,closeup,closeup
,images/img27881.jpg,8.973410,closeup,closeup
,images/img27901.jpg,10.960800,crowd,crowd
,images/img27921.jpg,13.003015,crowd,crowd
,images/img27941.jpg,13.976151,crowd,crowd
,images/img27961.jpg,14.185855,crowd,crowd
,images/img27981.jpg,14.177632,crowd,crowd
,images/img28001.jpg,14.220121,crowd,crowd
,images/img28021.jpg,13.666393,crowd,crowd
,images/img28041.jpg,13.368969,crowd,crowd
,images/img28061.jpg,12.049068,crowd,crowd
,images/img28081.jpg,13.101700,crowd,crowd
,images/img28101.jpg,13.414200,crowd,crowd
,images/img28121.jpg,12.789200,crowd,crowd
,images/img28141.jpg,11.491228,crowd,crowd
,images/img28161.jpg,11.939419,crowd,crowd
,images/img28181.jpg,11.288377,crowd,crowd
,images/img28201.jpg,10.810033,crowd,crowd
,images/img28221.jpg,10.752467,crowd,crowd
,images/img28241.jpg,9.879386,closeup,closeup
,images/img28261.jpg,9.168037,closeup,closeup
,images/img28281.jpg,8.604715,closeup,closeup
,images/img28301.jpg,8.518366,closeup,closeup
,images/img28321.jpg,8.618421,closeup,closeup
,images/img28341.jpg,7.310855,closeup,closeup
,images/img28361.jpg,7.469846,closeup,closeup
,images/img28381.jpg,6.032072,closeup,closeup
,images/img28401.jpg,9.938322,closeup,closeup
,images/img28421.jpg,9.813596,closeup,closeup
,images/img28441.jpg,9.254386,closeup,closeup
,images/img28461.jpg,9.070724,closeup,closeup
,images/img28481.jpg,8.702029,closeup,closeup
,images/img28501.jpg,8.684211,closeup,closeup
,images/img28521.jpg,7.752193,closeup,closeup
,images/img28541.jpg,8.471765,closeup,closeup
,images/img28561.jpg,8.141447,closeup,closeup
,images/img28581.jpg,8.844572,closeup,closeup
,images/img28601.jpg,8.423794,closeup,closeup
,images/img28621.jpg,8.675987,closeup,closeup
,images/img28641.jpg,9.655976,closeup,closeup
,images/img28661.jpg,8.547149,closeup,closeup
,images/img28681.jpg,8.778783,closeup,closeup
,images/img28701.jpg,8.434759,closeup,closeup
,images/img28721.jpg,9.418860,closeup,closeup
,images/img28741.jpg,8.998081,closeup,closeup
,images/img28761.jpg,8.763706,closeup,closeup
,images/img28781.jpg,8.641721,closeup,closeup
,images/img28801.jpg,8.771930,closeup,closeup
,images/img28821.jpg,9.588816,closeup,closeup
,images/img28841.jpg,8.634868,closeup,closeup
,images/img28861.jpg,9.185855,closeup,closeup
,images/img28881.jpg,8.107182,closeup,closeup
,images/img28901.jpg,7.042215,closeup,closeup
,images/img28921.jpg,5.641447,closeup,closeup
,images/img28941.jpg,5.794956,closeup,closeup
,images/img28961.jpg,6.676261,closeup,closeup
,images/img28981.jpg,8.606086,closeup,closeup
,images/img29001.jpg,8.282621,closeup,closeup
,images/img29021.jpg,8.730811,closeup,closeup
,images/img29041.jpg,8.888432,closeup,closeup
,images/img29061.jpg,8.034539,closeup,closeup
,images/img29081.jpg,8.958333,closeup,closeup
,images/img29101.jpg,9.039200,closeup,closeup
,images/img29121.jpg,8.389529,closeup,closeup
,images/img29141.jpg,9.154331,closeup,closeup
,images/img29161.jpg,6.858553,closeup,closeup
,images/img29181.jpg,7.309485,closeup,closeup
,images/img29201.jpg,7.619243,closeup,closeup
,images/img29221.jpg,7.210800,closeup,closeup
,images/img29241.jpg,8.654057,closeup,closeup
,images/img29261.jpg,8.710252,closeup,closeup
,images/img29281.jpg,8.744518,closeup,closeup
,images/img29301.jpg,8.754112,closeup,closeup
,images/img29321.jpg,8.688322,closeup,closeup
,images/img29341.jpg,8.852796,closeup,closeup
,images/img29361.jpg,8.669134,closeup,closeup
,images/img29381.jpg,8.859649,closeup,closeup
,images/img29401.jpg,7.419134,closeup,closeup
,images/img29421.jpg,7.375274,closeup,closeup
,images/img29441.jpg,6.492599,closeup,closeup
,images/img29461.jpg,8.275768,closeup,closeup
,images/img29481.jpg,8.127741,closeup,closeup
,images/img29501.jpg,9.247533,closeup,closeup
,images/img29521.jpg,10.627741,crowd,crowd
,images/img29541.jpg,6.910636,closeup,closeup
,images/img29561.jpg,8.667763,closeup,closeup
,images/img29581.jpg,9.004934,closeup,closeup
,images/img29601.jpg,7.316338,closeup,closeup
,images/img29621.jpg,8.652686,closeup,closeup
,images/img29641.jpg,7.116228,closeup,closeup
,images/img29661.jpg,10.757950,crowd,crowd
,images/img29681.jpg,10.775768,crowd,crowd
,images/img29701.jpg,10.330318,crowd,crowd
,images/img29721.jpg,10.445450,crowd,crowd
,images/img29741.jpg,9.529879,closeup,closeup
,images/img29761.jpg,10.422149,crowd,crowd
,images/img29781.jpg,10.307018,crowd,crowd
,images/img29801.jpg,9.928728,closeup,closeup
,images/img29821.jpg,10.311129,crowd,crowd
,images/img29841.jpg,9.118695,closeup,closeup
,images/img29861.jpg,9.313322,closeup,closeup
,images/img29881.jpg,10.463268,crowd,crowd
,images/img29901.jpg,9.083059,closeup,closeup
,images/img29921.jpg,8.518366,closeup,closeup
,images/img29941.jpg,9.390077,closeup,closeup
,images/img29961.jpg,9.232456,closeup,closeup
,images/img29981.jpg,9.331140,closeup,closeup
,images/img30001.jpg,9.347588,closeup,closeup
,images/img30021.jpg,9.930099,closeup,closeup
,images/img30041.jpg,9.960252,closeup,closeup
,images/img30061.jpg,7.579496,closeup,closeup
,images/img30081.jpg,7.023026,closeup,closeup
,images/img30101.jpg,6.669408,closeup,closeup
,images/img30121.jpg,7.160088,closeup,closeup
,images/img30141.jpg,8.238761,closeup,closeup
,images/img30161.jpg,16.964090,crowd,crowd
,images/img30181.jpg,11.681743,crowd,crowd
,images/img30201.jpg,11.543311,crowd,crowd
,images/img30221.jpg,12.183388,crowd,crowd
,images/img30241.jpg,11.828399,crowd,crowd
,images/img30261.jpg,11.308936,crowd,crowd
,images/img30281.jpg,11.174616,crowd,crowd
,images/img30301.jpg,8.559485,closeup,closeup
,images/img30321.jpg,7.140899,closeup,closeup
,images/img30341.jpg,6.282895,closeup,closeup
,images/img30361.jpg,5.302906,closeup,closeup
,images/img30381.jpg,6.045779,closeup,closeup
,images/img30401.jpg,8.706140,closeup,closeup
,images/img30421.jpg,6.435033,closeup,closeup
,images/img30441.jpg,8.323739,closeup,closeup
,images/img30461.jpg,8.569079,closeup,closeup
,images/img30481.jpg,8.336075,closeup,closeup
,images/img30501.jpg,8.135965,closeup,closeup
,images/img30521.jpg,8.367599,closeup,closeup
,images/img30541.jpg,8.475877,closeup,closeup
,images/img30561.jpg,8.115406,closeup,closeup
,images/img30581.jpg,7.286184,closeup,closeup
,images/img30601.jpg,8.049616,closeup,closeup
,images/img30621.jpg,8.460800,closeup,closeup
,images/img30641.jpg,8.652686,closeup,closeup
,images/img30661.jpg,8.926809,closeup,closeup
,images/img30681.jpg,8.744518,closeup,closeup
,images/img30701.jpg,8.560855,closeup,closeup
,images/img30721.jpg,7.876919,closeup,closeup
,images/img30741.jpg,8.578673,closeup,closeup
,images/img30761.jpg,8.730811,closeup,closeup
,images/img30781.jpg,10.712719,crowd,crowd
,images/img30801.jpg,10.426261,crowd,crowd
,images/img30821.jpg,7.834430,closeup,closeup
,images/img30841.jpg,8.016721,closeup,closeup
,images/img30861.jpg,9.827303,closeup,closeup
,images/img30881.jpg,9.649123,closeup,closeup
,images/img30901.jpg,8.301809,closeup,closeup
,images/img30921.jpg,8.259320,closeup,closeup
,images/img30941.jpg,8.238761,closeup,closeup
,images/img30961.jpg,8.363487,closeup,closeup
,images/img30981.jpg,7.541118,closeup,closeup
,images/img31001.jpg,8.647204,closeup,closeup
,images/img31021.jpg,8.970669,closeup,closeup
,images/img31041.jpg,8.447094,closeup,closeup
,images/img31061.jpg,7.266996,closeup,closeup
,images/img31081.jpg,6.095121,closeup,closeup
,images/img31101.jpg,8.103070,closeup,closeup
,images/img31121.jpg,8.322368,closeup,closeup
,images/img31141.jpg,8.603344,closeup,closeup
,images/img31161.jpg,9.791667,closeup,closeup
,images/img31181.jpg,8.702029,closeup,closeup
,images/img31201.jpg,8.628015,closeup,closeup
,images/img31221.jpg,9.590186,closeup,closeup
,images/img31241.jpg,10.241228,crowd,crowd
,images/img31261.jpg,10.627741,crowd,crowd
,images/img31281.jpg,9.762884,closeup,closeup
,images/img31301.jpg,9.531250,closeup,closeup
,images/img31321.jpg,4.851974,closeup,closeup
,images/img31341.jpg,7.717928,closeup,closeup
,images/img31361.jpg,10.052083,crowd,crowd
,images/img31381.jpg,5.768914,closeup,closeup
,images/img31401.jpg,5.518092,closeup,closeup
,images/img31421.jpg,10.555099,crowd,crowd
,images/img31441.jpg,10.640077,crowd,crowd
,images/img31461.jpg,10.814145,crowd,crowd
,images/img31481.jpg,10.675713,crowd,crowd
,images/img31501.jpg,6.936678,closeup,closeup
,images/img31521.jpg,7.050439,closeup,closeup
,images/img31541.jpg,7.184759,closeup,closeup
,images/img31561.jpg,8.822643,closeup,closeup
,images/img31581.jpg,7.541118,closeup,closeup
,images/img31601.jpg,6.783169,closeup,closeup
,images/img31621.jpg,8.027686,closeup,closeup
,images/img31641.jpg,7.530154,closeup,closeup
,images/img31661.jpg,8.485471,closeup,closeup
,images/img31681.jpg,8.785636,closeup,closeup
,images/img31701.jpg,8.285362,closeup,closeup
,images/img31721.jpg,7.864583,closeup,closeup
,images/img31741.jpg,6.665296,closeup,closeup
,images/img31761.jpg,5.982730,closeup,closeup
,images/img31781.jpg,8.992599,closeup,closeup
,images/img31801.jpg,9.054276,closeup,closeup
,images/img31821.jpg,8.640351,closeup,closeup
,images/img31841.jpg,8.729441,closeup,closeup
,images/img31861.jpg,9.284539,closeup,closeup
,images/img31881.jpg,9.025493,closeup,closeup
,images/img31901.jpg,8.999452,closeup,closeup
,images/img31921.jpg,9.137884,closeup,closeup
,images/img31941.jpg,10.053454,crowd,crowd
,images/img31961.jpg,9.742325,closeup,closeup
,images/img31981.jpg,9.073465,closeup,closeup
,images/img32001.jpg,9.354441,closeup,closeup
,images/img32021.jpg,9.295504,closeup,closeup
,images/img32041.jpg,9.568257,closeup,closeup
,images/img32061.jpg,9.775219,closeup,closeup
,images/img32081.jpg,9.821820,closeup,closeup
,images/img32101.jpg,9.794408,closeup,closeup
,images/img32121.jpg,10.742873,crowd,crowd
,images/img32141.jpg,10.997807,crowd,crowd
,images/img32161.jpg,7.990680,closeup,closeup
,images/img32181.jpg,8.522478,closeup,closeup
,images/img32201.jpg,8.390899,closeup,closeup
,images/img32221.jpg,9.151590,closeup,closeup
,images/img32241.jpg,9.263980,closeup,closeup
,images/img32261.jpg,9.024123,closeup,closeup
,images/img32281.jpg,8.368969,closeup,closeup
,images/img32301.jpg,7.986568,closeup,closeup
,images/img32321.jpg,7.240954,closeup,closeup
,images/img32341.jpg,10.301535,crowd,crowd
,images/img32361.jpg,14.091283,crowd,crowd
,images/img32381.jpg,11.637884,crowd,crowd
,images/img32401.jpg,7.475329,closeup,closeup
,images/img32421.jpg,7.087445,closeup,closeup
,images/img32441.jpg,7.035362,closeup,closeup
,images/img32461.jpg,6.750274,closeup,closeup
,images/img32481.jpg,8.108553,closeup,closeup
,images/img32501.jpg,7.883772,closeup,closeup
,images/img32521.jpg,6.332237,closeup,closeup
,images/img32541.jpg,8.399123,closeup,closeup
,images/img32561.jpg,10.064419,crowd,crowd
,images/img32581.jpg,7.443805,closeup,closeup
,images/img32601.jpg,9.206414,closeup,closeup
,images/img32621.jpg,4.697094,closeup,closeup
,images/img32641.jpg,8.227796,closeup,closeup
,images/img32661.jpg,10.816886,crowd,crowd
,images/img32681.jpg,11.592654,crowd,crowd
,images/img32701.jpg,11.529605,crowd,crowd
,images/img32721.jpg,16.700932,crowd,crowd
,images/img32741.jpg,7.613761,closeup,closeup
,images/img32761.jpg,8.068805,closeup,closeup
,images/img32781.jpg,8.430647,closeup,closeup
,images/img32801.jpg,11.278783,crowd,crowd
,images/img32821.jpg,7.423246,closeup,closeup
,images/img32841.jpg,6.747533,closeup,closeup
,images/img32861.jpg,5.988213,closeup,closeup
,images/img32881.jpg,10.067160,crowd,crowd
,images/img32901.jpg,8.915844,closeup,closeup
,images/img32921.jpg,9.710800,closeup,closeup
,images/img32941.jpg,9.229715,closeup,closeup
,images/img32961.jpg,9.953399,closeup,closeup
,images/img32981.jpg,8.304550,closeup,closeup
,images/img33001.jpg,7.996162,closeup,closeup
,images/img33021.jpg,7.176535,closeup,closeup
,images/img33041.jpg,8.418311,closeup,closeup
,images/img33061.jpg,6.903783,closeup,closeup
,images/img33081.jpg,5.979989,closeup,closeup
,images/img33101.jpg,8.530702,closeup,closeup
,images/img33121.jpg,8.767818,closeup,closeup
,images/img33141.jpg,8.471765,closeup,closeup
,images/img33161.jpg,9.575110,closeup,closeup
,images/img33181.jpg,6.916118,closeup,closeup
,images/img33201.jpg,9.535362,closeup,closeup
,images/img33221.jpg,9.381853,closeup,closeup
,images/img33241.jpg,9.218750,closeup,closeup
,images/img33261.jpg,8.870614,closeup,closeup
,images/img33281.jpg,9.270833,closeup,closeup
,images/img33301.jpg,9.348958,closeup,closeup
,images/img33321.jpg,8.725329,closeup,closeup
,images/img33341.jpg,9.658717,closeup,closeup
,images/img33361.jpg,8.142818,closeup,closeup
,images/img33381.jpg,7.848136,closeup,closeup
,images/img33401.jpg,7.794682,closeup,closeup
,images/img33421.jpg,9.491502,closeup,closeup
,images/img33441.jpg,5.456414,closeup,closeup
,images/img33461.jpg,8.511513,closeup,closeup
,images/img33481.jpg,9.070724,closeup,closeup
,images/img33501.jpg,9.243421,closeup,closeup
,images/img33521.jpg,8.004386,closeup,closeup
,images/img33541.jpg,7.576754,closeup,closeup
,images/img33561.jpg,9.572368,closeup,closeup
,images/img33581.jpg,7.587719,closeup,closeup
,images/img33601.jpg,8.433388,closeup,closeup
,images/img33621.jpg,7.268366,closeup,closeup
,images/img33641.jpg,5.542763,closeup,closeup
,images/img33661.jpg,4.588816,closeup,closeup
,images/img33681.jpg,6.574836,closeup,closeup
,images/img33701.jpg,9.380482,closeup,closeup
,images/img33721.jpg,9.007675,closeup,closeup
,images/img33741.jpg,9.477796,closeup,closeup
,images/img33761.jpg,9.166667,closeup,closeup
,images/img33781.jpg,8.752741,closeup,closeup
,images/img33801.jpg,9.140625,closeup,closeup
,images/img33821.jpg,9.002193,closeup,closeup
,images/img33841.jpg,10.053454,crowd,crowd
,images/img33861.jpg,10.694901,crowd,crowd
,images/img33881.jpg,11.208882,crowd,crowd
,images/img33901.jpg,8.330592,closeup,closeup
,images/img33921.jpg,8.362116,closeup,closeup
,images/img33941.jpg,8.049616,closeup,closeup
,images/img33961.jpg,7.515077,closeup,closeup
,images/img33981.jpg,7.101151,closeup,closeup
,images/img34001.jpg,8.199013,closeup,closeup
,images/img34021.jpg,8.384046,closeup,closeup
,images/img34041.jpg,8.526590,closeup,closeup
,images/img34061.jpg,9.438048,closeup,closeup
,images/img34081.jpg,9.085800,closeup,closeup
,images/img34101.jpg,9.379112,closeup,closeup
,images/img34121.jpg,9.834156,closeup,closeup
,images/img34141.jpg,9.745066,closeup,closeup
,images/img34161.jpg,9.734101,closeup,closeup
,images/img34181.jpg,9.470943,closeup,closeup
,images/img34201.jpg,10.024671,crowd,crowd
,images/img34221.jpg,9.787555,closeup,closeup
,images/img34241.jpg,10.138432,crowd,crowd
,images/img34261.jpg,9.954770,closeup,closeup
,images/img34281.jpg,10.845669,crowd,crowd
,images/img34301.jpg,9.701206,closeup,closeup
,images/img34321.jpg,9.542215,closeup,closeup
,images/img34341.jpg,9.462719,closeup,closeup
,images/img34361.jpg,9.092654,closeup,closeup
,images/img34381.jpg,9.380482,closeup,closeup
,images/img34401.jpg,9.140625,closeup,closeup
,images/img34421.jpg,9.236568,closeup,closeup
,images/img34441.jpg,9.065241,closeup,closeup
,images/img34461.jpg,7.302632,closeup,closeup
,images/img34481.jpg,8.340186,closeup,closeup
,images/img34501.jpg,9.979441,closeup,closeup
,images/img34521.jpg,9.845121,closeup,closeup
,images/img34541.jpg,8.433388,closeup,closeup
,images/img34561.jpg,8.463542,closeup,closeup
,images/img34581.jpg,7.464364,closeup,closeup
,images/img34601.jpg,8.521107,closeup,closeup
,images/img34621.jpg,8.119518,closeup,closeup
,images/img34641.jpg,8.659539,closeup,closeup
,images/img34661.jpg,8.419682,closeup,closeup
,images/img34681.jpg,8.773300,closeup,closeup
,images/img34701.jpg,9.487390,closeup,closeup
,images/img34721.jpg,9.643640,closeup,closeup
,images/img34741.jpg,9.575110,closeup,closeup
,images/img34761.jpg,8.871985,closeup,closeup
,images/img34781.jpg,9.305099,closeup,closeup
,images/img34801.jpg,10.032895,crowd,crowd
,images/img34821.jpg,10.268640,crowd,crowd
,images/img34841.jpg,9.498355,closeup,closeup
,images/img34861.jpg,9.454496,closeup,closeup
,images/img34881.jpg,9.321546,closeup,closeup
,images/img34901.jpg,9.283169,closeup,closeup
,images/img34921.jpg,9.668311,closeup,closeup
,images/img34941.jpg,8.985746,closeup,closeup
,images/img34961.jpg,8.873355,closeup,closeup
,images/img34981.jpg,7.720669,closeup,closeup
,images/img35001.jpg,7.713816,closeup,closeup
,images/img35021.jpg,8.466283,closeup,closeup
,images/img35041.jpg,8.814419,closeup,closeup
,images/img35061.jpg,8.077029,closeup,closeup
,images/img35081.jpg,8.215461,closeup,closeup
,images/img35101.jpg,8.053728,closeup,closeup
,images/img35121.jpg,7.393092,closeup,closeup
,images/img35141.jpg,8.699287,closeup,closeup
,images/img35161.jpg,8.803454,closeup,closeup
,images/img35181.jpg,8.919956,closeup,closeup
,images/img35201.jpg,9.425713,closeup,closeup
,images/img35221.jpg,9.305099,closeup,closeup
,images/img35241.jpg,8.440241,closeup,closeup
,images/img35261.jpg,8.092105,closeup,closeup
,images/img35281.jpg,8.573191,closeup,closeup
,images/img35301.jpg,9.209156,closeup,closeup
,images/img35321.jpg,7.849507,closeup,closeup
,images/img35341.jpg,7.584978,closeup,closeup
,images/img35361.jpg,7.164200,closeup,closeup
,images/img35381.jpg,9.017270,closeup,closeup
,images/img35401.jpg,8.119518,closeup,closeup
,images/img35421.jpg,8.596491,closeup,closeup
,images/img35441.jpg,7.567160,closeup,closeup
,images/img35461.jpg,5.746985,closeup,closeup
,images/img35481.jpg,6.026590,closeup,closeup
,images/img35501.jpg,7.523300,closeup,closeup
,images/img35521.jpg,8.789748,closeup,closeup
,images/img35541.jpg,7.839912,closeup,closeup
,images/img35561.jpg,7.975603,closeup,closeup
,images/img35581.jpg,12.419134,crowd,crowd
,images/img35601.jpg,8.662281,closeup,closeup
,images/img35621.jpg,8.403235,closeup,closeup
,images/img35641.jpg,7.331414,closeup,closeup
,images/img35661.jpg,6.526864,closeup,closeup
,images/img35681.jpg,6.510417,closeup,closeup
,images/img35701.jpg,8.892544,closeup,closeup
,images/img35721.jpg,8.283991,closeup,closeup
,images/img35741.jpg,8.580044,closeup,closeup
,images/img35761.jpg,8.822643,closeup,closeup
,images/img35781.jpg,8.111294,closeup,closeup
,images/img35801.jpg,7.801535,closeup,closeup
,images/img35821.jpg,7.734375,closeup,closeup
,images/img35841.jpg,7.717928,closeup,closeup
,images/img35861.jpg,10.067160,crowd,crowd
,images/img35881.jpg,11.622807,crowd,crowd
,images/img35901.jpg,9.538103,closeup,closeup
,images/img35921.jpg,9.997259,closeup,closeup
,images/img35941.jpg,10.365954,crowd,crowd
,images/img35961.jpg,10.101425,crowd,crowd
,images/img35981.jpg,9.854715,closeup,closeup
,images/img36001.jpg,9.845121,closeup,closeup
,images/img36021.jpg,9.680647,closeup,closeup
,images/img36041.jpg,9.758772,closeup,closeup
,images/img36061.jpg,9.745066,closeup,closeup
,images/img36081.jpg,9.392818,closeup,closeup
,images/img36101.jpg,9.816338,closeup,closeup
,images/img36121.jpg,8.876096,closeup,closeup
,images/img36141.jpg,9.590186,closeup,closeup
,images/img36161.jpg,8.759594,closeup,closeup
,images/img36181.jpg,9.194079,closeup,closeup
,images/img36201.jpg,8.522478,closeup,closeup
,images/img36221.jpg,7.767270,closeup,closeup
,images/img36241.jpg,7.879660,closeup,closeup
,images/img36261.jpg,6.721491,closeup,closeup
,images/img36281.jpg,5.164474,closeup,closeup
,images/img36301.jpg,5.165844,closeup,closeup
,images/img36321.jpg,6.348684,closeup,closeup
,images/img36341.jpg,9.475055,closeup,closeup
,images/img36361.jpg,9.642270,closeup,closeup
,images/img36381.jpg,8.999452,closeup,closeup
,images/img36401.jpg,8.660910,closeup,closeup
,images/img36421.jpg,11.310307,crowd,crowd
,images/img36441.jpg,9.978070,closeup,closeup
,images/img36461.jpg,9.111842,closeup,closeup
,images/img36481.jpg,8.556743,closeup,closeup
,images/img36501.jpg,8.144189,closeup,closeup
,images/img36521.jpg,6.824287,closeup,closeup
,images/img36541.jpg,6.821546,closeup,closeup
,images/img36561.jpg,7.173794,closeup,closeup
,images/img36581.jpg,6.776316,closeup,closeup
,images/img36601.jpg,6.037555,closeup,closeup
,images/img36621.jpg,7.246436,closeup,closeup
,images/img36641.jpg,7.393092,closeup,closeup
,images/img36661.jpg,8.973410,closeup,closeup
,images/img36681.jpg,8.829496,closeup,closeup
,images/img36701.jpg,9.279057,closeup,closeup
,images/img36721.jpg,8.381305,closeup,closeup
,images/img36741.jpg,8.881579,closeup,closeup
,images/img36761.jpg,7.652138,closeup,closeup
,images/img36781.jpg,9.141996,closeup,closeup
,images/img36801.jpg,9.303728,closeup,closeup
,images/img36821.jpg,9.403783,closeup,closeup
,images/img36841.jpg,10.090461,crowd,crowd
,images/img36861.jpg,10.481086,crowd,crowd
,images/img36881.jpg,9.912281,closeup,closeup
,images/img36901.jpg,9.814967,closeup,closeup
,images/img36921.jpg,8.052357,closeup,closeup
,images/img36941.jpg,8.834978,closeup,closeup
,images/img36961.jpg,7.904331,closeup,closeup
,images/img36981.jpg,7.811129,closeup,closeup
,images/img37001.jpg,8.331963,closeup,closeup
,images/img37021.jpg,7.722039,closeup,closeup
,images/img37041.jpg,7.486294,closeup,closeup
,images/img37061.jpg,6.658443,closeup,closeup
,images/img37081.jpg,7.155976,closeup,closeup
,images/img37101.jpg,7.343750,closeup,closeup
